name,mean_wind,mean_pressure,year,result
MISSING_1036,27.8611,1067,2017,1
MISSING_1124,27.8611,1063,2017,1
EDITH,33.00554,1067,2017,1
GRACIE,27.8611,1069,2017,1
CLEO,30.433320000000002,1063,2017,1
ISBELL,27.8611,1068,2017,1
DEBBIE,27.8611,1063,2017,1
DORIA,27.8611,1070,2017,1
FERN,27.8611,1065,2017,1
DOLLY,27.8611,1073,2017,1
SUBTROP,25.28888,1072,2017,1
GERDA,27.8611,1075,2017,1
MISSING_1221,30.433320000000002,1070,2017,1
MISSING_1222,30.433320000000002,1065,2017,1
SUBTROP,30.433320000000002,1065,2017,1
LAURIE,27.8611,1067,2017,1
MISSING_1223,27.8611,1074,2017,1
05P_ADA,30.433320000000002,1057,2017,1
18P_DOLLY,35.57776,1050,2017,1
20P_EMMA,30.433320000000002,1057,2017,1
29P_GILLIAN,35.57776,1050,2017,1
31P_ISA,35.57776,1050,2017,1
30P_HELEN,35.57776,1050,2017,1
CELIA,27.8611,1068,2017,1
MISSING_1229,27.8611,1075,2017,1
GRETA,33.00554,1070,2017,1
MISSING_1235,30.433320000000002,1063,2017,1
MISSING_1236,27.8611,1073,2017,1
PRISCILLA,30.433320000000002,1057,2017,1
07P_ROSIE,30.433320000000002,1057,2017,1
CHLOE,30.433320000000002,1067,2017,1
EDITH,27.8611,1070,2017,1
IRENE_OLIVIA,27.8611,1069,2017,1
03P_CYC19711104_HSK0372,35.57776,1050,2017,1
05P_URSULA,30.433320000000002,1057,2017,1
08P_VIVIENNE,30.433320000000002,1057,2017,1
CYC19720117_HSK1372,30.433320000000002,1057,2017,1
13P_WENDY,35.57776,1050,2017,1
24P_YOLANDE,30.433320000000002,1057,2017,1
26P_AGATHA,30.433320000000002,1057,2017,1
ALPHA,27.8611,1064,2017,1
CARRIE,30.433320000000002,1072,2017,1
01P_BEBE,30.433320000000002,1057,2017,1
DELTA,27.8611,1073,2017,1
COLLETTE,35.57776,1050,2017,1
04P_DIANA,30.433320000000002,1057,2017,1
09S_JEAN,25.28888,1065,2017,1
11P_FELICITY,30.433320000000002,1057,2017,1
FELICITY,30.433320000000002,1057,2017,1
13S_KERRY,27.8611,1067,2017,1
17P_ADELINE,30.433320000000002,1058,2017,1
18S_MAUD,27.8611,1062,2017,1
ELENORE_ELENORE,35.57776,1050,2017,1
GLENDA,35.57776,1050,2017,1
23P_KIRSTY,30.433320000000002,1059,2017,1
25P_28S_LEAH_LEAH_REGENE,30.433320000000002,1056,2017,1
27P_MADGE,27.8611,1063,2017,1
HENRIETTA,30.433320000000002,1057,2017,1
30S_NELLIE,27.8611,1061,2017,1
31S_BELLA,25.28888,1069,2017,1
32S_PAULA,25.28888,1066,2017,1
33P_JULIETTE,30.433320000000002,1057,2017,1
JULIETTE,30.433320000000002,1057,2017,1
JULIETTE,30.433320000000002,1057,2017,1
FLORES_CYCLO,27.8611,1062,2017,1
35S_36S_MARCELLE,27.8611,1061,2017,1
ALICE,30.433320000000002,1066,2017,1
ALFA,27.8611,1073,2017,1
DELIA,30.433320000000002,1068,2017,1
FRAN,30.433320000000002,1068,2017,1
GILDA,30.433320000000002,1068,2017,1
05P_CYC19731106_HSK0374,35.57776,1050,2017,1
ANNIE,25.28888,1066,2017,1
07S_BERYL,27.8611,1067,2017,1
08P_LOTTIE_NATALIE_NATALIE_LOTT,33.00554,1055,2017,1
CECILY,25.28888,1065,2017,1
10P_UNA,27.8611,1060,2017,1
11S_DALIDA_DEIDRE_DEIDRE_DELID,27.8611,1063,2017,1
12S_ERICA,27.8611,1059,2017,1
14S_FIONA-GWENDA_FIONA_GWEND,30.433320000000002,1057,2017,1
15P_MONICA,35.57776,1050,2017,1
16P_NESSIE,30.433320000000002,1057,2017,1
19P_WANDA,27.8611,1064,2017,1
20P_PAM,30.433320000000002,1057,2017,1
21P_YVONNE,25.28888,1066,2017,1
26S_HELEN,27.8611,1061,2017,1
27P_ZOE,27.8611,1051,2017,1
28S_ISOBEL,25.28888,1063,2017,1
29S_JESSIE,30.433320000000002,1058,2017,1
32P_ALICE,27.8611,1060,2017,1
34P_TINA,30.433320000000002,1057,2017,1
SUBTROP,33.00554,1072,2017,1
ALMA,27.8611,1070,2017,1
CARMEN,30.433320000000002,1071,2017,1
SUBTROP,30.433320000000002,1069,2017,1
MARCIA,25.28888,1066,2017,1
NORAH,25.28888,1066,2017,1
PENNY,27.8611,1064,2017,1
03S_SELMA,27.8611,1062,2017,1
07S_TRACY,27.8611,1060,2017,1
11P_12P_FLORA,30.433320000000002,1058,2017,1
14S_DEBORAH_ROBYN_ROBYN_DEBORA,27.8611,1064,2017,1
13P_GLORIA,30.433320000000002,1054,2017,1
16P_VAL,43.29442,1040,2017,1
SHIRLEY,25.28888,1068,2017,1
21S_TRIXIE,27.8611,1057,2017,1
23P_ALISON,35.57776,1050,2017,1
25S_WILMA,30.433320000000002,1058,2017,1
27S_VIDA,30.433320000000002,1059,2017,1
28S_BEVERLEY,25.28888,1066,2017,1
29P_BETTY_HSK3075,30.433320000000002,1057,2017,1
30P_AMELIA,30.433320000000002,1055,2017,1
CLARA,27.8611,1063,2017,1
32S_CLARA,27.8611,1063,2017,1
DENISE,27.8611,1063,2017,1
AGATHA,30.433320000000002,1065,2017,1
AMY,27.8611,1073,2017,1
BLANCHE,25.28888,1074,2017,1
CAROLINE,27.8611,1071,2017,1
DORIS,33.00554,1065,2017,1
GLADYS,27.8611,1072,2017,1
HALLIE,30.433320000000002,1066,2017,1
02S_RAY,25.28888,1068,2017,1
04S_JOAN,27.8611,1065,2017,1
05P_KIM,27.8611,1060,2017,1
SUBTROP,33.00554,1057,2017,1
07S_SUE,25.28888,1064,2017,1
10P_DAVID,30.433320000000002,1057,2017,1
11S_VANESSA,25.28888,1060,2017,1
12P_ELSA,35.57776,1050,2017,1
13P_ALAN,27.8611,1067,2017,1
14P_FRANCES,35.57776,1050,2017,1
15P_BETH,27.8611,1063,2017,1
16S_WALLY,27.8611,1059,2017,1
18S_ALICE,25.28888,1063,2017,1
DAWN_DAWNSECONDA,33.00554,1055,2017,1
20P_HOPE,35.57776,1050,2017,1
LINDA,25.28888,1064,2017,1
25P_JAN,30.433320000000002,1057,2017,1
JAN,30.433320000000002,1057,2017,1
26P_WATOREA,27.8611,1064,2017,1
CAROL,25.28888,1066,2017,1
27S_CAROL,25.28888,1066,2017,1
SUBTROP,25.28888,1070,2017,1
ANNA,25.28888,1075,2017,1
BELLE,27.8611,1072,2017,1
DOTTIE,25.28888,1070,2017,1
CANDICE,30.433320000000002,1067,2017,1
EMMY,25.28888,1072,2017,1
FRANCES,27.8611,1069,2017,1
KATHLEEN,30.433320000000002,1068,2017,1
SUBTROP,22.716659999999994,1077,2017,1
GLORIA,25.28888,1069,2017,1
HOLLY,27.8611,1066,2017,1
KIM,30.433320000000002,1057,2017,1
LAURIE,30.433320000000002,1057,2017,1
03S_HARRY,27.8611,1064,2017,1
04P_TED,27.8611,1065,2017,1
06S_IRENE,30.433320000000002,1060,2017,1
07P_MARION,30.433320000000002,1057,2017,1
08P_JUNE,27.8611,1060,2017,1
12P_KEITH,27.8611,1063,2017,1
CYC19770202_HSK1577,35.57776,1050,2017,1
15P_LILY,27.8611,1059,2017,1
16P_MILES,27.8611,1059,2017,1
18P_NANCY,30.433320000000002,1059,2017,1
14S_IO_JACK_JACK_IO,27.8611,1064,2017,1
CYC19770219_HSK2277,30.433320000000002,1057,2017,1
19S_KAREN,27.8611,1062,2017,1
20P_OTTO_OTTOSECONDA,30.433320000000002,1049,2017,1
21P_NORMAN,30.433320000000002,1057,2017,1
PAT,30.433320000000002,1057,2017,1
23S_LEO,27.8611,1065,2017,1
24P_ROBERT,35.57776,1050,2017,1
25S_VERNA,25.28888,1065,2017,1
ANITA,25.28888,1072,2017,1
BABE,27.8611,1067,2017,1
CLARA,25.28888,1075,2017,1
DOROTHY,25.28888,1070,2017,1
EVELYN,30.433320000000002,1070,2017,1
FRIEDA,27.8611,1071,2017,1
01P_TOM,30.433320000000002,1057,2017,1
03P_STEVE,30.433320000000002,1057,2017,1
04S_BABETTE,27.346656,1060,2017,1
05P_TESSA,30.433320000000002,1057,2017,1
06S_CELIMENE_SAM_SAM_CELIMENE,25.28888,1066,2017,1
08P_ANNE,30.433320000000002,1057,2017,1
DULCINEE,25.28888,1063,2017,1
10S_ESTHER,25.28888,1063,2017,1
PETER,27.8611,1060,2017,1
12S_TRUDY,25.28888,1064,2017,1
13S_FLEUR,25.28888,1063,2017,1
SUBTROP,27.8611,1073,2017,1
16S_VERN,27.8611,1059,2017,1
BOB,30.433320000000002,1057,2017,1
19S_JACQUELINE,25.28888,1063,2017,1
20P_CHARLES,30.433320000000002,1057,2017,1
JACQUELINE,27.346656,1060,2017,1
21P_ERNIE,30.433320000000002,1057,2017,1
22P_DIANA,30.433320000000002,1057,2017,1
23P_GWEN,27.8611,1064,2017,1
26S_MARYLOU,25.28888,1063,2017,1
27S_WINNIE,27.8611,1063,2017,1
29S_30S_ALBY,25.28888,1066,2017,1
31S_BRENDA,25.28888,1067,2017,1
32P_HAL,25.28888,1066,2017,1
AMELIA,30.433320000000002,1066,2017,1
BESS,25.28888,1072,2017,1
CORA,27.8611,1070,2017,1
DEBRA,27.8611,1070,2017,1
ELLA,25.28888,1072,2017,1
FLOSSIE,27.8611,1066,2017,1
HOPE,27.8611,1072,2017,1
IRMA,30.433320000000002,1070,2017,1
JULIET,27.8611,1071,2017,1
KENDRA,30.433320000000002,1068,2017,1
04P_FAY,35.57776,1050,2017,1
PETER,27.8611,1060,2017,1
06P_GORDON,30.433320000000002,1057,2017,1
07S_BENJAMINE,29.404432,1057,2017,1
08P_GRETA,30.433320000000002,1060,2017,1
09P_HENRY,30.433320000000002,1057,2017,1
12S_DORA,29.404432,1057,2017,1
14S_ESTELLE,25.28888,1063,2017,1
13P_KERRY,35.57776,1050,2017,1
15S_FATOU,29.404432,1057,2017,1
17P_LESLIE,30.433320000000002,1057,2017,1
19S_HAZEL,27.8611,1059,2017,1
20S_IVAN,30.433320000000002,1058,2017,1
21S_HELIOS,25.28888,1063,2017,1
22P_MELI,30.433320000000002,1057,2017,1
24P_STAN,27.8611,1062,2017,1
26S_JANE,27.8611,1060,2017,1
27S_KEVIN,27.8611,1062,2017,1
ANA,27.8611,1071,2017,1
BOB,25.28888,1072,2017,1
CLAUDETTE,25.28888,1074,2017,1
DAVID,27.8611,1068,2017,1
FREDERIC,27.8611,1069,2017,1
ELENA,27.8611,1068,2017,1
GLORIA,27.8611,1065,2017,1
HENRI,27.8611,1063,2017,1
SUBTROP,27.8611,1067,2017,1
02S_CLAUDETTE_VIOLA_VIOLA_CLAUDE,25.28888,1066,2017,1
OFA,30.433320000000002,1057,2017,1
04S_DANITZA_WILF_WILF_DANITZA,25.28888,1065,2017,1
05P_PENI,30.433320000000002,1057,2017,1
06P_PAUL,27.8611,1060,2017,1
EGLANTINE,27.8611,1065,2017,1
07S_AMY,25.28888,1058,2017,1
FLORE,25.28888,1065,2017,1
09S_BRIAN,27.8611,1063,2017,1
10S_CLARA,27.8611,1061,2017,1
IVANNE,29.918876,1060,2017,1
11S_DEAN,27.8611,1065,2017,1
13P_RAE,30.433320000000002,1057,2017,1
14P_RUTH,27.8611,1063,2017,1
15S_ENID,27.8611,1061,2017,1
16S_FRED,25.28888,1065,2017,1
17P_SIMON,27.8611,1062,2017,1
20P_SINA,27.8611,1060,2017,1
23P_TIA,30.433320000000002,1057,2017,1
26P_VAL,30.433320000000002,1057,2017,1
28P_WALLY,30.433320000000002,1057,2017,1
BONNIE,27.8611,1070,2017,1
CHARLEY,27.8611,1070,2017,1
GEORGES,30.433320000000002,1070,2017,1
EARL,27.8611,1068,2017,1
DANIELLE,27.8611,1070,2017,1
FRANCES,27.8611,1070,2017,1
HERMINE,27.8611,1068,2017,1
IVAN,27.8611,1070,2017,1
01S_ADELAIDE_ALICE_ALICE_ADELAI,25.28888,1066,2017,1
JEANNE,25.28888,1068,2017,1
KARL,40.7222,1048,2017,1
DIOLA,30.433320000000002,1057,2017,1
CAROL,25.28888,1066,2017,1
04S_CAROL,27.8611,1063,2017,1
DAN,25.28888,1066,2017,1
EDNA,25.28888,1065,2017,1
06S_FELIX,27.8611,1062,2017,1
ARTHUR,30.433320000000002,1057,2017,1
MABEL,27.8611,1064,2017,1
BETSY,33.00554,1055,2017,1
CLIFF,30.433320000000002,1057,2017,1
EDDIE,27.8611,1063,2017,1
CYC1981,30.433320000000002,1057,2017,1
DAMAN,30.433320000000002,1057,2017,1
CYC1981,30.433320000000002,1057,2017,1
NEIL,27.8611,1063,2017,1
FREDA,30.433320000000002,1058,2017,1
ESAU,30.433320000000002,1057,2017,1
ESAU,30.433320000000002,1057,2017,1
TAHMAR,30.433320000000002,1057,2017,1
MAX,25.28888,1067,2017,1
FRAN,30.433320000000002,1057,2017,1
CYC1981,30.433320000000002,1057,2017,1
OLGA,27.8611,1062,2017,1
ARLENE,30.433320000000002,1066,2017,1
PADDY,27.8611,1064,2017,1
BRET,33.00554,1072,2017,1
CINDY,30.433320000000002,1070,2017,1
DENNIS,30.433320000000002,1069,2017,1
EMILY,30.433320000000002,1068,2017,1
FLOYD,25.28888,1070,2017,1
GERT,27.8611,1073,2017,1
HARVEY,27.8611,1069,2017,1
IRENE,27.8611,1075,2017,1
JOSE,27.8611,1070,2017,1
KATRINA,27.8611,1065,2017,1
SUBTROP,38.14998,1064,2017,1
AMELIA,27.8611,1064,2017,1
GYAN,30.433320000000002,1057,2017,1
HSK0782,27.8611,1064,2017,1
GYAN,35.57776,1050,2017,1
CHRIS_CHRIS_DAMIA_DAMIA,25.28888,1067,2017,1
DAPHNE-FIFI_DAPHNE_FIFI_HSK1382,27.8611,1066,2017,1
BRUNO_HSK1482,25.28888,1066,2017,1
ERROL,27.8611,1063,2017,1
ABIGAIL,25.28888,1067,2017,1
HETTIE,30.433320000000002,1057,2017,1
GRAHAM,27.8611,1062,2017,1
CORAL,27.8611,1062,2017,1
HEBERTE,29.404432,1057,2017,1
HARRIET,25.28888,1066,2017,1
IAN,25.28888,1066,2017,1
ISABEAU,29.404432,1057,2017,1
ISAAC,30.433320000000002,1057,2017,1
IAN,30.433320000000002,1059,2017,1
BERNIE,30.433320000000002,1055,2017,1
DOMINIC,27.8611,1062,2017,1
KARLA,33.519984,1051,2017,1
CLAUDIA,27.8611,1062,2017,1
ALBERTO,25.28888,1065,2017,1
SUBTROP,27.8611,1064,2017,1
BERYL,30.433320000000002,1068,2017,1
CHRIS,27.8611,1070,2017,1
DEBBY,30.433320000000002,1070,2017,1
ERNESTO,30.433320000000002,1066,2017,1
ARILISY,27.346656,1060,2017,1
JOTI,30.433320000000002,1057,2017,1
KINA,30.433320000000002,1057,2017,1
BEMANY,25.28888,1063,2017,1
LISA,30.433320000000002,1057,2017,1
CLERA,25.28888,1063,2017,1
DADAFY,29.404432,1057,2017,1
JANE,25.28888,1063,2017,1
ELINAH,25.28888,1063,2017,1
DES,27.8611,1064,2017,1
MARK,30.433320000000002,1057,2017,1
NANO,30.433320000000002,1057,2017,1
ELINOR,25.28888,1067,2017,1
NISHA,30.433320000000002,1057,2017,1
NISHA_NISHA_ORAMA,30.433320000000002,1057,2017,1
OSCAR,30.433320000000002,1057,2017,1
PREMA,30.433320000000002,1057,2017,1
KEN,30.433320000000002,1054,2017,1
PREMA,35.57776,1050,2017,1
REWA,30.433320000000002,1057,2017,1
SABA,30.433320000000002,1057,2017,1
SARAH,30.433320000000002,1057,2017,1
TOMASI,30.433320000000002,1057,2017,1
LENA,25.28888,1069,2017,1
VEENA,35.57776,1050,2017,1
WILLIAM,30.433320000000002,1057,2017,1
NAOMI,25.28888,1065,2017,1
MONTY,27.8611,1064,2017,1
ALICIA,30.433320000000002,1069,2017,1
BARRY,27.8611,1072,2017,1
CHANTAL,27.8611,1070,2017,1
DEAN,33.00554,1070,2017,1
OSCAR,27.8611,1062,2017,1
QUENTON,27.8611,1064,2017,1
ANDRY,27.346656,1060,2017,1
FRITZ,25.28888,1063,2017,1
ESTHER,25.28888,1065,2017,1
BAKOLY,27.346656,1060,2017,1
ATU,33.00554,1055,2017,1
TIM,27.8611,1065,2017,1
CABOTO,27.346656,1060,2017,1
GRACE,25.28888,1067,2017,1
EDOARA,29.404432,1057,2017,1
FANJA_VIVIENNE_VIVIENNE_FAN,27.8611,1063,2017,1
GALY,25.28888,1063,2017,1
BETI,30.433320000000002,1057,2017,1
WILLY,27.8611,1064,2017,1
ANNETTE_ANNETTE_JAMI_JAMINY,27.8611,1062,2017,1
HARVEY,27.8611,1061,2017,1
HAJA,27.346656,1060,2017,1
BOBBY,30.433320000000002,1056,2017,1
INGRID,27.8611,1061,2017,1
NAMELESS,30.433320000000002,1057,2017,1
JAMINY,27.346656,1060,2017,1
CHLOE,27.8611,1062,2017,1
FERDINAND,25.28888,1064,2017,1
JIM,25.28888,1064,2017,1
DARYL,27.8611,1064,2017,1
CYRIL,30.433320000000002,1057,2017,1
KATHY,25.28888,1066,2017,1
NAMELESS,30.433320000000002,1057,2017,1
LANCE,25.28888,1065,2017,1
SUBTROP,27.8611,1065,2017,1
ARTHUR,27.8611,1070,2017,1
BERTHA,27.8611,1069,2017,1
CESAR,27.8611,1068,2017,1
DIANA,33.00554,1068,2017,1
EDOUARD,30.433320000000002,1060,2017,1
FRAN,27.8611,1070,2017,1
GUSTAV,30.433320000000002,1069,2017,1
HORTENSE,30.433320000000002,1069,2017,1
ISIDORE,30.433320000000002,1063,2017,1
JOSEPHINE,27.8611,1070,2017,1
KLAUS,22.716659999999994,1064,2017,1
ANETY,25.28888,1063,2017,1
BOBALAHY,27.346656,1060,2017,1
EMMA,25.28888,1066,2017,1
LILI,40.7222,1055,2017,1
FRANK,27.8611,1061,2017,1
CYC_HSK0785,33.00554,1055,2017,1
MONICA,27.8611,1060,2017,1
CELESTINA,29.404432,1057,2017,1
DRENA,30.433320000000002,1057,2017,1
ERIC,30.433320000000002,1057,2017,1
NIGEL,25.28888,1065,2017,1
ODETTE,27.8611,1062,2017,1
FREDA,30.433320000000002,1057,2017,1
GERTIE,25.28888,1066,2017,1
HUBERT,27.8611,1061,2017,1
ESITERA,33.519984,1051,2017,1
ISOBEL,25.28888,1063,2017,1
JACOB,27.8611,1063,2017,1
PIERRE,27.8611,1062,2017,1
REBECCA,27.8611,1060,2017,1
KIRSTY,22.716659999999994,1066,2017,1
GAVIN,30.433320000000002,1057,2017,1
LINDSAY,25.28888,1066,2017,1
HINA,30.433320000000002,1057,2017,1
SANDY,27.8611,1060,2017,1
TANYA,27.8611,1063,2017,1
MARGOT,25.28888,1065,2017,1
GRETEL,30.433320000000002,1058,2017,1
ANA,30.433320000000002,1071,2017,1
BOB,27.8611,1072,2017,1
CLAUDETTE,27.8611,1073,2017,1
DANNY,27.8611,1070,2017,1
ELENA,30.433320000000002,1072,2017,1
FABIAN,27.8611,1068,2017,1
GLORIA,27.8611,1069,2017,1
HENRI,27.8611,1068,2017,1
ISABEL,30.433320000000002,1066,2017,1
JUAN,30.433320000000002,1065,2017,1
KATE,33.00554,1059,2017,1
NICHOLAS,25.28888,1065,2017,1
DELIFINA,37.635536,1044,2017,1
OPHELIA,25.28888,1065,2017,1
HECTOR,27.8611,1058,2017,1
PANCHO,27.8611,1062,2017,1
VERNON,25.28888,1060,2017,1
WINIFRED,27.8611,1063,2017,1
ERINESTA,25.28888,1063,2017,1
FILOMENA,33.519984,1051,2017,1
IMA,30.433320000000002,1057,2017,1
JUNE,30.433320000000002,1057,2017,1
KELI,30.433320000000002,1057,2017,1
RHONDA,25.28888,1062,2017,1
GISTA,33.519984,1051,2017,1
SELWYN,27.8611,1063,2017,1
TIFFANY,27.8611,1064,2017,1
LUSI,30.433320000000002,1057,2017,1
VICTOR,27.8611,1059,2017,1
ALFRED,25.28888,1065,2017,1
HONORININA,33.519984,1051,2017,1
JEFOTRA,33.519984,1051,2017,1
ALISON_ALISON_KRISO_KRISOSTOMA,25.28888,1063,2017,1
MARTIN,30.433320000000002,1057,2017,1
MANU,25.28888,1065,2017,1
BILLY-LILA_BILLY_LILA_LILA,25.28888,1062,2017,1
NAMU,30.433320000000002,1057,2017,1
ANDREW,30.433320000000002,1067,2017,1
BONNIE,27.8611,1074,2017,1
CHARLEY,20.14444,1069,2017,1
DANIELLE,27.8611,1068,2017,1
EARL,30.433320000000002,1070,2017,1
FRANCES,30.433320000000002,1069,2017,1
OSEA,30.433320000000002,1057,2017,1
PATSY,30.433320000000002,1057,2017,1
RAJA,30.433320000000002,1057,2017,1
SALLY,30.433320000000002,1057,2017,1
TUSI,30.433320000000002,1057,2017,1
CONNIE,27.8611,1062,2017,1
ALININA,25.28888,1063,2017,1
IRMA,27.8611,1060,2017,1
DAMIEN,25.28888,1058,2017,1
UMA_VELI,30.433320000000002,1057,2017,1
JASON,27.8611,1062,2017,1
BEMAZAVA,25.28888,1063,2017,1
VELI,35.57776,1050,2017,1
CLOTILDA,27.346656,1060,2017,1
ELSIE,30.433320000000002,1055,2017,1
WINI,30.433320000000002,1057,2017,1
HSK2087,33.00554,1055,2017,1
MISSING_1374,33.00554,1055,2017,1
DAODO,33.519984,1051,2017,1
YALI,30.433320000000002,1057,2017,1
KAY,27.8611,1063,2017,1
ZUMAN,30.433320000000002,1057,2017,1
BLANCH_BLANCHE,30.433320000000002,1057,2017,1
ARLENE,20.14444,1076,2017,1
MISSING_1376,30.433320000000002,1070,2017,1
BRET,27.8611,1071,2017,1
CINDY,27.8611,1071,2017,1
DENNIS,27.8611,1072,2017,1
EMILY,27.8611,1068,2017,1
FLOYD,27.8611,1064,2017,1
ARINY,29.404432,1057,2017,1
BENANDRO,29.404432,1057,2017,1
AGI,30.433320000000002,1057,2017,1
AGI,30.433320000000002,1057,2017,1
ANNE,30.433320000000002,1057,2017,1
CALIDERA_CALIDERO,27.346656,1060,2017,1
CALIDERA,27.346656,1060,2017,1
DOAZA,29.404432,1057,2017,1
FREDERIC,27.8611,1063,2017,1
EZENINA_GWENDA_GWENDA_EZENI,25.28888,1064,2017,1
CHARLIE,30.433320000000002,1057,2017,1
FILAO,25.28888,1063,2017,1
BOLA,30.433320000000002,1057,2017,1
CILLA,30.433320000000002,1057,2017,1
GASITAO,33.519984,1051,2017,1
HELY,29.404432,1057,2017,1
DOVI,30.433320000000002,1057,2017,1
DOVI,43.29442,1040,2017,1
IARISENA,25.28888,1063,2017,1
HERBIE,27.8611,1060,2017,1
ALETTA,30.433320000000002,1067,2017,1
BUD,30.433320000000002,1067,2017,1
CARLOTTA,30.433320000000002,1070,2017,1
DANIEL,27.8611,1069,2017,1
EMILIA,27.8611,1072,2017,1
FABIO,27.8611,1071,2017,1
GILMA,27.8611,1070,2017,1
HECTOR,27.8611,1072,2017,1
IVA,27.8611,1072,2017,1
ALBERTO,25.28888,1075,2017,1
BERYL,27.8611,1070,2017,1
JOHN,27.8611,1072,2017,1
CHRIS,27.8611,1069,2017,1
KRISTY,30.433320000000002,1072,2017,1
DEBBY,27.8611,1066,2017,1
ERNESTO,27.8611,1076,2017,1
MISSING_1386,27.8611,1071,2017,1
FLORENCE,27.8611,1060,2017,1
GILBERT,27.8611,1068,2017,1
HELENE,30.433320000000002,1069,2017,1
LANE,27.8611,1070,2017,1
ISAAC,27.8611,1069,2017,1
JOAN_MIRIAM,27.8611,1070,2017,1
ADELININA,29.404432,1057,2017,1
KEITH,30.433320000000002,1068,2017,1
ILONA,27.8611,1060,2017,1
ESETA,30.433320000000002,1057,2017,1
DELILAH,25.28888,1061,2017,1
FILI,30.433320000000002,1057,2017,1
GINA,30.433320000000002,1057,2017,1
CALASANJY,27.346656,1060,2017,1
DONA,27.346656,1060,2017,1
EDME,41.751088,1036,2017,1
JOHN,27.8611,1064,2017,1
KIRRILY,25.28888,1066,2017,1
HARRY,30.433320000000002,1057,2017,1
MISSING_1387,30.433320000000002,1057,2017,1
HANITRA_LEON_LEON_HANITRA,25.28888,1068,2017,1
HINANO,33.00554,1055,2017,1
JUDY,30.433320000000002,1057,2017,1
IVY,30.433320000000002,1057,2017,1
IANA,29.404432,1057,2017,1
MARCIA,25.28888,1064,2017,1
MARCIA,25.28888,1064,2017,1
JINABO_JINARO,27.346656,1060,2017,1
NED,25.28888,1063,2017,1
KRISY,27.346656,1060,2017,1
KERRY,30.433320000000002,1057,2017,1
AIVU,27.8611,1060,2017,1
LEZISSY,33.519984,1051,2017,1
LILI,33.00554,1055,2017,1
LEZISSY,37.635536,1044,2017,1
ORSON,27.8611,1060,2017,1
MEENA,30.433320000000002,1057,2017,1
ERNIE,30.433320000000002,1057,2017,1
ADOLPH,30.433320000000002,1069,2017,1
BARBARA,27.8611,1070,2017,1
ALLISON,30.433320000000002,1068,2017,1
DALILIA,27.8611,1074,2017,1
BARRY,27.8611,1075,2017,1
ERICK,27.8611,1073,2017,1
FLOSSIE,27.8611,1071,2017,1
GIL,27.8611,1070,2017,1
DEAN,27.8611,1070,2017,1
CHANTAL,25.28888,1071,2017,1
HENRIETTE,30.433320000000002,1069,2017,1
ISMAEL,25.28888,1072,2017,1
ERIN,27.8611,1072,2017,1
JULIETTE,27.8611,1069,2017,1
FELIX,27.8611,1069,2017,1
KIKO,30.433320000000002,1066,2017,1
LORENA,27.8611,1071,2017,1
MANUEL,27.8611,1069,2017,1
GABRIELLE,27.8611,1071,2017,1
NARDA,27.8611,1072,2017,1
OCTAVE,27.8611,1070,2017,1
HUGO,27.8611,1070,2017,1
IRIS,27.8611,1077,2017,1
PRISCILLA,27.8611,1064,2017,1
RAYMOND,27.8611,1067,2017,1
JERRY,27.8611,1069,2017,1
PEDRO,25.28888,1065,2017,1
KAREN,27.8611,1065,2017,1
FELICITY,27.8611,1061,2017,1
ALIBERA,29.404432,1057,2017,1
ROSITA,27.8611,1064,2017,1
SAM,27.8611,1063,2017,1
TINA,24.774436,1062,2017,1
NANCY,27.8611,1060,2017,1
OFA,30.433320000000002,1057,2017,1
DETY,27.346656,1060,2017,1
CEZERA,27.346656,1060,2017,1
PENI,35.57776,1050,2017,1
PENI,35.57776,1050,2017,1
VINCENT,30.433320000000002,1057,2017,1
GREG,25.28888,1064,2017,1
HILDA,27.8611,1062,2017,1
GREGOARA_WALTER,27.8611,1060,2017,1
FELANA,33.519984,1051,2017,1
IVOR,30.433320000000002,1055,2017,1
ALEX,27.8611,1062,2017,1
RAE,30.433320000000002,1057,2017,1
RAE,30.433320000000002,1057,2017,1
BESSI,30.433320000000002,1058,2017,1
MISSING_1399,23.231104,1066,2017,1
IKONJO,29.404432,1057,2017,1
ALMA,27.8611,1069,2017,1
BORIS,27.8611,1070,2017,1
CRISTINA,27.8611,1070,2017,1
MISSING_1401,23.231104,1052,2017,1
DOUGLAS,27.8611,1071,2017,1
ELIDA,27.8611,1069,2017,1
FAUSTO,25.28888,1071,2017,1
GENEVIEVE,27.8611,1069,2017,1
HERNAN,27.8611,1072,2017,1
ISELLE,27.8611,1068,2017,1
ARTHUR,27.8611,1070,2017,1
BERTHA,25.28888,1072,2017,1
CESAR,27.8611,1074,2017,1
EDOUARD,30.433320000000002,1075,2017,1
DIANA,27.8611,1069,2017,1
FRAN,27.8611,1070,2017,1
MISSING_1404,23.231104,1056,2017,1
JULIO,27.8611,1072,2017,1
MISSING_1406,23.231104,1057,2017,1
KENNA,30.433320000000002,1069,2017,1
GUSTAV,27.8611,1070,2017,1
LOWELL,25.28888,1071,2017,1
HORTENSE,27.8611,1070,2017,1
MISSING_1407,23.231104,1056,2017,1
ISIDORE,27.8611,1070,2017,1
MARIE,27.8611,1071,2017,1
NORBERT,27.8611,1069,2017,1
JOSEPHINE,30.433320000000002,1069,2017,1
ODILE,27.8611,1071,2017,1
RACHEL,27.8611,1070,2017,1
POLO,27.8611,1070,2017,1
KLAUS,30.433320000000002,1068,2017,1
LILI,38.14998,1060,2017,1
MISSING_1410,23.231104,1062,2017,1
SIMON,27.8611,1070,2017,1
MARCO,27.8611,1064,2017,1
TRUDY,27.8611,1070,2017,1
NANA,27.8611,1069,2017,1
VANCE,27.8611,1071,2017,1
MISSING_1411,23.231104,1067,2017,1
MISSING_1412,23.231104,1067,2017,1
MISSING_1413,28.889988,1070,2017,1
MISSING_1414,23.231104,1071,2017,1
SINA,30.433320000000002,1057,2017,1
A29091_HSK0491,25.28888,1064,2017,1
LAURENCE,30.433320000000002,1058,2017,1
JOY,27.8611,1061,2017,1
ALISON,25.28888,1062,2017,1
BELLA,29.404432,1057,2017,1
CHRIS,30.433320000000002,1057,2017,1
DAPHNE,25.28888,1057,2017,1
CYNTHIA,27.346656,1060,2017,1
DEBRA,27.346656,1065,2017,1
KELVIN,30.433320000000002,1059,2017,1
ELMA,30.433320000000002,1060,2017,1
FATIMA,52.039968,1014,2017,1
ERROL,30.433320000000002,1060,2017,1
G19091,25.28888,1065,2017,1
MARIAN,25.28888,1064,2017,1
FIFI,27.8611,1063,2017,1
LISA,30.433320000000002,1064,2017,1
ANDRES,25.28888,1070,2017,1
GRITELLE,27.346656,1060,2017,1
GRITELLE,27.346656,1060,2017,1
BLANCA,27.8611,1070,2017,1
CARLOS,30.433320000000002,1068,2017,1
DELORES,27.8611,1067,2017,1
ANA,25.28888,1072,2017,1
ENRIQUE,27.8611,1068,2017,1
FEFA,27.8611,1069,2017,1
GUILLERMO,27.8611,1070,2017,1
HILDA,27.8611,1069,2017,1
BOB,27.8611,1074,2017,1
CLAUDETTE,27.8611,1074,2017,1
DANNY,27.8611,1070,2017,1
ERIKA,27.8611,1071,2017,1
IGNACIO,27.8611,1069,2017,1
JIMENA,27.8611,1069,2017,1
KEVIN,27.8611,1068,2017,1
LINDA,30.433320000000002,1069,2017,1
MARTY,27.8611,1069,2017,1
A29192_HSK0292,25.28888,1065,2017,1
FABIAN,27.8611,1070,2017,1
A39192,25.28888,1065,2017,1
GRACE,27.8611,1068,2017,1
MISSING_1429,30.433320000000002,1066,2017,1
NORA,30.433320000000002,1066,2017,1
TIA,27.8611,1059,2017,1
A49192_HSK0491,25.28888,1062,2017,1
GRAHAM,27.8611,1060,2017,1
VAL,30.433320000000002,1057,2017,1
WASA,33.00554,1055,2017,1
ARTHUR,33.00554,1055,2017,1
ALEXANDRA,25.28888,1065,2017,1
BRYNA,25.28888,1065,2017,1
BETSY,30.433320000000002,1057,2017,1
MARK,25.28888,1060,2017,1
CLIFF,27.8611,1057,2017,1
CELESTA,25.28888,1063,2017,1
DAMAN,30.433320000000002,1057,2017,1
DAVILIA,25.803324,1062,2017,1
ELIZABETA_ELIZABETHA,25.803324,1062,2017,1
FARIDA,46.89552800000001,1026,2017,1
IAN,30.433320000000002,1060,2017,1
ESAU,30.433320000000002,1057,2017,1
GERDA,25.28888,1066,2017,1
HARRIET_HARRIET_HEAT_HEATHER,30.433320000000002,1060,2017,1
H19192,25.28888,1066,2017,1
FRAN,30.433320000000002,1057,2017,1
GENE,33.00554,1055,2017,1
GENE,33.00554,1055,2017,1
HETTIE,30.433320000000002,1057,2017,1
HETTIE,38.14998,1047,2017,1
IRNA_JANE_JANE_IRNA,27.8611,1062,2017,1
NEVILLE,27.8611,1058,2017,1
SUBTROP,27.8611,1066,2017,1
INNIS,30.433320000000002,1057,2017,1
AGATHA,27.8611,1063,2017,1
CELIA,27.8611,1067,2017,1
BLAS,27.8611,1070,2017,1
DARBY,27.8611,1069,2017,1
ESTELLE,27.8611,1068,2017,1
FRANK,27.8611,1066,2017,1
GEORGETTE,27.8611,1071,2017,1
HOWARD,27.8611,1069,2017,1
ISIS,27.8611,1068,2017,1
JAVIER,27.8611,1070,2017,1
ANDREW,27.8611,1070,2017,1
KAY,27.8611,1070,2017,1
LESTER,27.8611,1071,2017,1
NEWTON,27.8611,1071,2017,1
MADELINE,30.433320000000002,1069,2017,1
ORLENE,30.433320000000002,1069,2017,1
INIKI,27.8611,1070,2017,1
PAINE,30.433320000000002,1072,2017,1
ROSLYN,27.8611,1070,2017,1
TINA,27.8611,1070,2017,1
SEYMORE_SEYMOUR,30.433320000000002,1069,2017,1
BONNIE,30.433320000000002,1069,2017,1
CHARLEY,27.8611,1072,2017,1
DANIELLE,30.433320000000002,1069,2017,1
WARD,33.00554,1060,2017,1
AVIONA,29.404432,1057,2017,1
EARL,27.8611,1069,2017,1
MISSING_1439,27.8611,1062,2017,1
VIRGIL,27.8611,1069,2017,1
WINIFRED,27.8611,1071,2017,1
XAVIER,30.433320000000002,1068,2017,1
YOLANDA,27.8611,1070,2017,1
BABIE,26.832212,1062,2017,1
FRANCES,30.433320000000002,1069,2017,1
ZEKE,27.8611,1069,2017,1
C19293_HSK0493,25.28888,1066,2017,1
KEN,27.8611,1060,2017,1
NINA,27.8611,1058,2017,1
KINA,30.433320000000002,1057,2017,1
C39293,30.433320000000002,1060,2017,1
COLINA,26.832212,1062,2017,1
EDWINA,28.889988,1058,2017,1
DESSILIA,25.28888,1065,2017,1
LENA,30.433320000000002,1057,2017,1
LIN,33.00554,1055,2017,1
OLIVER,27.8611,1060,2017,1
MICK,35.57776,1050,2017,1
FINELLA,25.28888,1062,2017,1
NISHA,43.29442,1040,2017,1
OLI,35.57776,1050,2017,1
GRACIA,25.28888,1064,2017,1
POLLY,30.433320000000002,1058,2017,1
H19293,25.28888,1064,2017,1
HUTELLE,25.28888,1063,2017,1
IONIA,26.832212,1060,2017,1
ROGER,33.00554,1058,2017,1
PREMA,45.86664000000001,1035,2017,1
JOURDANNE,25.28888,1064,2017,1
MONTY,25.28888,1066,2017,1
KONITA,26.832212,1060,2017,1
ADEL,30.433320000000002,1061,2017,1
ONE,27.8611,1063,2017,1
ADRIAN,27.8611,1071,2017,1
BEATRIZ,27.8611,1067,2017,1
ARLENE,27.8611,1066,2017,1
CALVIN,27.8611,1067,2017,1
DORA,30.433320000000002,1070,2017,1
EUGENE,30.433320000000002,1070,2017,1
BRET,30.433320000000002,1070,2017,1
FERNANDA,27.8611,1068,2017,1
CINDY,30.433320000000002,1072,2017,1
GREG,30.433320000000002,1069,2017,1
HILARY,27.8611,1069,2017,1
IRWIN,30.433320000000002,1067,2017,1
EMILY,30.433320000000002,1080,2017,1
DENNIS,27.8611,1070,2017,1
JOVA,30.433320000000002,1070,2017,1
KENNETH,27.8611,1067,2017,1
FLOYD,27.8611,1072,2017,1
LIDIA,27.8611,1067,2017,1
GERT,27.8611,1068,2017,1
HARVEY,30.433320000000002,1074,2017,1
MAX,30.433320000000002,1068,2017,1
NORMA,27.8611,1068,2017,1
ALEXINA,27.346656,1060,2017,1
MISSING_1447,22.716659999999994,1066,2017,1
BETTINA,29.404432,1057,2017,1
MISSING_1448,22.716659999999994,1064,2017,1
CECILIA,27.8611,1060,2017,1
NAOMI,25.28888,1065,2017,1
MISSING_1449,27.8611,1068,2017,1
REWA,27.8611,1057,2017,1
OSCAR,25.28888,1065,2017,1
DAISY,27.8611,1060,2017,1
FARAH_PEARL_PEARL_FARAH,27.8611,1064,2017,1
EDMEA,27.8611,1058,2017,1
QUENTON,27.8611,1065,2017,1
GERALDA,27.8611,1060,2017,1
HOLLANDA,27.8611,1060,2017,1
IVY,27.8611,1060,2017,1
JULITA,27.8611,1058,2017,1
THEODORE,27.8611,1058,2017,1
LITANNE,29.404432,1058,2017,1
KELVINA,27.8611,1060,2017,1
MARIOLA,35.57776,1048,2017,1
SHARON,25.28888,1065,2017,1
NADIA,27.8611,1060,2017,1
USHA,30.433320000000002,1057,2017,1
ODILLE,29.404432,1057,2017,1
WILLY,25.28888,1065,2017,1
MISSING_1450,27.8611,1062,2017,1
MISSING_1451,22.716659999999994,1054,2017,1
ALETTA,27.8611,1069,2017,1
BUD,27.8611,1069,2017,1
CARLOTTA,30.433320000000002,1069,2017,1
ALBERTO,27.8611,1071,2017,1
DANIEL,27.8611,1069,2017,1
EMILIA,30.433320000000002,1070,2017,1
FABIO,27.8611,1071,2017,1
GILMA,27.8611,1068,2017,1
HECTOR,27.8611,1069,2017,1
JOHN,30.433320000000002,1070,2017,1
ILEANA,27.8611,1067,2017,1
BERYL,25.28888,1073,2017,1
CHRIS,30.433320000000002,1070,2017,1
KRISTY,27.8611,1070,2017,1
LANE,30.433320000000002,1069,2017,1
DEBBY,27.8611,1071,2017,1
MIRIAM,30.433320000000002,1069,2017,1
NORMAN,27.8611,1069,2017,1
ERNESTO,27.8611,1070,2017,1
OLIVIA,27.8611,1068,2017,1
PAT_RUTH,33.00554,1058,2017,1
PAUL,27.8611,1069,2017,1
A19495,27.8611,1062,2017,1
ROSA,27.8611,1069,2017,1
MISSING_1458,27.8611,1066,2017,1
FLORENCE,30.433320000000002,1071,2017,1
GORDON,27.8611,1069,2017,1
VANIA,27.8611,1060,2017,1
MISSING_1459,22.716659999999994,1066,2017,1
ALBERTINE,25.28888,1062,2017,1
ANNETTE,25.28888,1066,2017,1
CHRISTELLE,27.8611,1064,2017,1
WILLIAM,33.00554,1050,2017,1
BENTHA,27.8611,1062,2017,1
DORINA,25.28888,1064,2017,1
FODAH,27.8611,1060,2017,1
GAIL,25.28888,1064,2017,1
HEIDA,30.433320000000002,1055,2017,1
BOBBY,25.28888,1066,2017,1
BOBBY,25.28888,1066,2017,1
INGRID,25.28888,1064,2017,1
VIOLET,27.8611,1060,2017,1
WARREN,30.433320000000002,1058,2017,1
JOSTA,25.28888,1065,2017,1
KYLIE,25.28888,1064,2017,1
LIDY,27.8611,1062,2017,1
MARLENE,25.28888,1064,2017,1
CHLOE,25.28888,1065,2017,1
AGNES,30.433320000000002,1055,2017,1
MISSING_1460,27.8611,1058,2017,1
MISSING_1461,27.8611,1058,2017,1
MISSING_1462,27.8611,1058,2017,1
ALLISON,30.433320000000002,1065,2017,1
ADOLPH,27.8611,1071,2017,1
BARRY,25.28888,1079,2017,1
BARBARA,30.433320000000002,1069,2017,1
CHANTAL,27.8611,1072,2017,1
COSME,27.8611,1067,2017,1
DALILA,27.8611,1067,2017,1
DEAN,27.8611,1069,2017,1
ERIN,38.14998,1064,2017,1
ERICK,27.8611,1068,2017,1
FELIX,30.433320000000002,1070,2017,1
FLOSSIE,30.433320000000002,1061,2017,1
GABRIELLE,30.433320000000002,1067,2017,1
GIL,30.433320000000002,1067,2017,1
HUMBERTO,30.433320000000002,1069,2017,1
IRIS,30.433320000000002,1068,2017,1
JERRY,25.28888,1070,2017,1
KAREN,30.433320000000002,1069,2017,1
LUIS,27.8611,1070,2017,1
HENRIETTE,27.8611,1067,2017,1
MISSING_1466,27.8611,1058,2017,1
MARILYN,30.433320000000002,1066,2017,1
ISMAEL,30.433320000000002,1069,2017,1
JULIETTE,30.433320000000002,1068,2017,1
MISSING_1467,27.8611,1060,2017,1
NOEL,27.8611,1067,2017,1
OPAL,27.8611,1064,2017,1
PABLO,30.433320000000002,1069,2017,1
ROXANNE,27.8611,1065,2017,1
MISSING_1468,27.8611,1068,2017,1
SEBASTIEN,27.8611,1066,2017,1
TANYA,30.433320000000002,1064,2017,1
MISSING_1469,27.8611,1060,2017,1
AGNIELLE_DARYL_DARYL_AGNIEL,25.28888,1064,2017,1
MISSING_1470,27.8611,1062,2017,1
EMMA,25.28888,1065,2017,1
FRANK,25.28888,1065,2017,1
GERTIE,27.8611,1060,2017,1
B29596,25.28888,1064,2017,1
BONITA,27.8611,1060,2017,1
BARRY,22.716659999999994,1064,2017,1
CORYNA_HUBERT_HUBERT_CORYN,25.28888,1066,2017,1
TASI_YASI,30.433320000000002,1059,2017,1
ISOBEL,27.8611,1060,2017,1
DENNIS,27.8611,1060,2017,1
DOLORESSE,25.28888,1065,2017,1
EDWIGE,25.28888,1065,2017,1
FLOSSY,25.28888,1063,2017,1
ATU,30.433320000000002,1057,2017,1
KIRSTY,27.8611,1060,2017,1
ZAKA,30.433320000000002,1057,2017,1
GUYLIANNE,25.28888,1064,2017,1
BETI,30.433320000000002,1058,2017,1
HANSELLA,25.28888,1064,2017,1
OLIVIA,25.28888,1064,2017,1
ITELLE,22.716659999999994,1064,2017,1
MISSING_1471,22.716659999999994,1064,2017,1
JENNA,27.8611,1062,2017,1
MISSING_1472,27.8611,1069,2017,1
MISSING_1474,27.8611,1058,2017,1
MISSING_1475,27.8611,1050,2017,1
ARTHUR,27.8611,1070,2017,1
ALMA,30.433320000000002,1069,2017,1
BORIS,27.8611,1070,2017,1
CRISTINA,27.8611,1068,2017,1
BERTHA,30.433320000000002,1069,2017,1
LINDSAY,25.28888,1064,2017,1
CESAR,27.8611,1069,2017,1
DOUGLAS,33.00554,1064,2017,1
A19697_HSK0297,27.8611,1060,2017,1
DOLLY,27.8611,1069,2017,1
EDOUARD,27.8611,1067,2017,1
FRAN,27.8611,1072,2017,1
GUSTAV,30.433320000000002,1068,2017,1
ELIDA,27.8611,1067,2017,1
HORTENSE,27.8611,1066,2017,1
FAUSTO,27.8611,1070,2017,1
ISIDORE,27.8611,1068,2017,1
GENEVIEVE,30.433320000000002,1068,2017,1
HERNAN,30.433320000000002,1064,2017,1
MISSING_1478,27.8611,1062,2017,1
JOSEPHINE,27.8611,1063,2017,1
KYLE,30.433320000000002,1066,2017,1
MISSING_1479,27.8611,1060,2017,1
LILI,27.8611,1066,2017,1
ANTOINETTE,27.8611,1060,2017,1
MISSING_1480,27.8611,1060,2017,1
BELLAMINE_MELANIE_MELANIE_BELL,27.8611,1062,2017,1
MISSING_1481,27.8611,1062,2017,1
DALE,43.29442,1040,2017,1
MARCO,25.28888,1069,2017,1
CYRIL,22.716659999999994,1064,2017,1
CHANTELLE_DANIELLA,30.433320000000002,1057,2017,1
MISSING_1483,27.8611,1064,2017,1
ELVINA,27.8611,1060,2017,1
NICHOLAS,27.8611,1062,2017,1
OPHELIA,27.8611,1062,2017,1
FERGUS,25.28888,1062,2017,1
PHIL,27.8611,1060,2017,1
FABRIOLA,25.28888,1062,2017,1
RACHEL,25.28888,1062,2017,1
DRENA,22.716659999999994,1064,2017,1
EVAN,22.716659999999994,1064,2017,1
HELINDA_PANCHO_PANCHO_HELIN,25.28888,1066,2017,1
ILETTA,25.28888,1064,2017,1
GRETELLE,22.716659999999994,1066,2017,1
FREDA,27.8611,1060,2017,1
ILETTA,25.28888,1064,2017,1
JOSIE,27.8611,1064,2017,1
KARLETTE,27.8611,1064,2017,1
HAROLD,30.433320000000002,1060,2017,1
HSK2997,25.28888,1062,2017,1
LISETTE,22.716659999999994,1067,2017,1
GAVIN,22.716659999999994,1064,2017,1
JUSTIN,27.8611,1058,2017,1
HINA,30.433320000000002,1052,2017,1
IAN,25.28888,1062,2017,1
JUNE,30.433320000000002,1057,2017,1
RHONDA,35.57776,1050,2017,1
MISSING_1484,27.8611,1060,2017,1
ANDRES,27.8611,1069,2017,1
MISSING_1485,27.8611,1071,2017,1
KELI,33.00554,1055,2017,1
BLANCA,30.433320000000002,1069,2017,1
CARLOS,27.8611,1066,2017,1
MISSING_1486,27.8611,1050,2017,1
ANA,30.433320000000002,1073,2017,1
DOLORES,27.8611,1066,2017,1
BILL,30.433320000000002,1074,2017,1
ENRIQUE,27.8611,1069,2017,1
CLAUDETTE,27.8611,1072,2017,1
FELICIA,30.433320000000002,1066,2017,1
DANNY,27.8611,1073,2017,1
HSK0198_M29697,27.8611,1062,2017,1
MISSING_1489,27.8611,1066,2017,1
GUILLERMO,27.8611,1070,2017,1
MISSING_1490,27.8611,1048,2017,1
HILDA,30.433320000000002,1067,2017,1
IGNACIO,27.8611,1068,2017,1
MISSING_1491,27.8611,1052,2017,1
JIMENA,27.8611,1069,2017,1
MISSING_1492,27.8611,1054,2017,1
ERIKA,30.433320000000002,1066,2017,1
KEVIN,30.433320000000002,1069,2017,1
LINDA,27.8611,1067,2017,1
MARTY,27.8611,1066,2017,1
NORA,27.8611,1064,2017,1
MISSING_1493,27.8611,1060,2017,1
OLAF,30.433320000000002,1068,2017,1
LUSI,22.716659999999994,1064,2017,1
FABIAN,27.8611,1069,2017,1
PAULINE,27.8611,1069,2017,1
GRACE,30.433320000000002,1062,2017,1
MARTIN,33.00554,1052,2017,1
MISSING_1494,27.8611,1066,2017,1
RICK,27.8611,1068,2017,1
NUTE,27.8611,1061,2017,1
OSEA,22.716659999999994,1064,2017,1
PAM,30.433320000000002,1058,2017,1
SUSAN,30.433320000000002,1057,2017,1
SID,27.8611,1065,2017,1
SELWYN,25.28888,1066,2017,1
RON,27.8611,1059,2017,1
KATRINA,27.8611,1060,2017,1
A19798_HSK1398,25.28888,1066,2017,1
LES,27.8611,1060,2017,1
TIFFANY,27.8611,1061,2017,1
TUI,27.8611,1060,2017,1
VELI,27.8611,1060,2017,1
URSALA_URSULA,33.00554,1059,2017,1
WES,27.8611,1060,2017,1
BELTANE_HSK2198,27.8611,1060,2017,1
ANACELLE,25.28888,1065,2017,1
VICTOR_VICTOR_CINDY,22.716659999999994,1067,2017,1
D19798_HSK2498,27.8611,1062,2017,1
MAY,27.8611,1062,2017,1
ELSIE,25.28888,1065,2017,1
DONALINE,25.28888,1063,2017,1
FIONA,25.28888,1066,2017,1
YALI,27.8611,1060,2017,1
NATHAN,30.433320000000002,1062,2017,1
ZUMAN,30.433320000000002,1058,2017,1
GEMMA,25.28888,1064,2017,1
ALAN,27.8611,1060,2017,1
BART,30.433320000000002,1057,2017,1
MISSING_1495,27.8611,1058,2017,1
MISSING_1496,27.8611,1064,2017,1
AGATHA,27.8611,1069,2017,1
MISSING_1497,27.8611,1054,2017,1
BLAS,27.8611,1067,2017,1
CELIA,30.433320000000002,1065,2017,1
DARBY,27.8611,1068,2017,1
ALEX,27.8611,1069,2017,1
ESTELLE,30.433320000000002,1064,2017,1
FRANK,30.433320000000002,1069,2017,1
GEORGETTE,27.8611,1069,2017,1
HOWARD,27.8611,1068,2017,1
BONNIE,27.8611,1069,2017,1
CHARLEY,27.8611,1068,2017,1
DANIELLE,27.8611,1067,2017,1
ISIS,27.8611,1064,2017,1
EARL,30.433320000000002,1065,2017,1
JAVIER,27.8611,1061,2017,1
FRANCES,30.433320000000002,1060,2017,1
GEORGES,30.433320000000002,1069,2017,1
HERMINE,30.433320000000002,1061,2017,1
IVAN,27.8611,1070,2017,1
JEANNE,30.433320000000002,1068,2017,1
KARL,27.8611,1063,2017,1
LISA,30.433320000000002,1068,2017,1
ZELIA,27.8611,1062,2017,1
MISSING_1500,27.8611,1062,2017,1
MADELINE,27.8611,1066,2017,1
KAY,30.433320000000002,1069,2017,1
MISSING_1501,27.8611,1062,2017,1
MISSING_1502,27.8611,1060,2017,1
LESTER,30.433320000000002,1065,2017,1
MITCH,30.433320000000002,1062,2017,1
MISSING_1503,27.8611,1062,2017,1
ALISON,27.8611,1062,2017,1
MISSING_1504,27.8611,1064,2017,1
MISSING_1505,27.8611,1062,2017,1
NICOLE,30.433320000000002,1070,2017,1
THELMA,22.716659999999994,1067,2017,1
BILLY,27.8611,1062,2017,1
MISSING_1506,27.8611,1064,2017,1
CORA,25.28888,1062,2017,1
CATHY,27.8611,1062,2017,1
DANI,30.433320000000002,1057,2017,1
ALDA,22.716659999999994,1062,2017,1
OLINDA,30.433320000000002,1056,2017,1
BIRENDA_DAMIEN_DAMIEN_BIREN,27.8611,1060,2017,1
PETE,30.433320000000002,1056,2017,1
CHIKITA,27.8611,1059,2017,1
MISSING_1507,27.8611,1066,2017,1
ELLA,27.8611,1060,2017,1
RONA,27.8611,1061,2017,1
D19899_HSK2299,26.832212,1062,2017,1
FRANK,30.433320000000002,1057,2017,1
GITA,35.57776,1050,2017,1
DAVINA,25.28888,1061,2017,1
HALI,30.433320000000002,1057,2017,1
E39899_HSK3099,25.28888,1063,2017,1
ELAINE,27.8611,1062,2017,1
VANCE,25.28888,1065,2017,1
EVRINA_FREDERIC_FREDERIC_EVR,25.28888,1065,2017,1
GWENDA,25.28888,1067,2017,1
F19899_HAMISH,27.8611,1062,2017,1
MISSING_1508,27.8611,1060,2017,1
26F,35.57776,1052,2017,1
ARLENE,30.433320000000002,1070,2017,1
MISSING_1509,27.8611,1050,2017,1
ADRIAN,30.433320000000002,1066,2017,1
BEATRIZ,30.433320000000002,1068,2017,1
CALVIN,30.433320000000002,1066,2017,1
MISSING_1513,25.28888,1052,2017,1
DORA,30.433320000000002,1067,2017,1
EUGENE,27.8611,1067,2017,1
MISSING_1514,25.28888,1052,2017,1
FERNANDA,27.8611,1068,2017,1
CINDY,30.433320000000002,1063,2017,1
BRET,30.433320000000002,1070,2017,1
EMILY,30.433320000000002,1067,2017,1
DENNIS,30.433320000000002,1069,2017,1
GREG,30.433320000000002,1068,2017,1
FLOYD,27.8611,1068,2017,1
GERT,30.433320000000002,1066,2017,1
HILARY,27.8611,1066,2017,1
HARVEY,30.433320000000002,1065,2017,1
IRWIN,30.433320000000002,1065,2017,1
IRENE,25.28888,1066,2017,1
MISSING_1520,25.28888,1064,2017,1
JOSE,27.8611,1066,2017,1
MISSING_1521,27.8611,1064,2017,1
KATRINA,30.433320000000002,1061,2017,1
LENNY,30.433320000000002,1063,2017,1
MISSING_1522,22.716659999999994,1060,2017,1
ILSA,27.8611,1062,2017,1
JOHN,27.8611,1063,2017,1
ASTRIDE,25.28888,1067,2017,1
BABIOLA,27.8611,1060,2017,1
IRIS,27.8611,1060,2017,1
TD,35.57776,1058,2017,1
JO,27.8611,1060,2017,1
KIRRILY,27.8611,1060,2017,1
CONNIE,25.28888,1063,2017,1
DAMIENNE,27.8611,1063,2017,1
ELINE_LEON_LEONE_ELINE,27.8611,1060,2017,1
MARCIA,27.8611,1060,2017,1
FELICIA,25.28888,1062,2017,1
KIM,25.28888,1065,2017,1
STEVE,27.8611,1064,2017,1
GLORIA,27.8611,1060,2017,1
0919992000_HSK1899_TS17S,27.8611,1060,2017,1
NORMAN,27.8611,1060,2017,1
LEO_TS18SLEO,22.716659999999994,1069,2017,1
HR19SMONA_MONA,25.28888,1065,2017,1
OLGA,27.8611,1060,2017,1
HUDAH,33.00554,1058,2017,1
MISSING_1523,27.8611,1064,2017,1
TESSI,27.8611,1060,2017,1
1319992000,25.28888,1072,2017,1
PAUL,27.8611,1060,2017,1
INNOCENTE,27.8611,1060,2017,1
NEIL,25.28888,1064,2017,1
ROSITA,25.28888,1066,2017,1
ALETTA,27.8611,1065,2017,1
BUD,30.433320000000002,1062,2017,1
CARLOTTA,30.433320000000002,1063,2017,1
DANIEL,27.8611,1069,2017,1
EMILIA,27.8611,1067,2017,1
FABIO,30.433320000000002,1068,2017,1
ALBERTO,27.8611,1067,2017,1
GILMA,30.433320000000002,1065,2017,1
HECTOR,27.8611,1066,2017,1
ILEANA,30.433320000000002,1065,2017,1
BERYL,30.433320000000002,1068,2017,1
CHRIS,27.8611,1069,2017,1
DEBBY,30.433320000000002,1070,2017,1
MISSING_1529,27.8611,1054,2017,1
JOHN,30.433320000000002,1067,2017,1
KRISTY,27.8611,1068,2017,1
ERNESTO,27.8611,1069,2017,1
LANE,27.8611,1067,2017,1
FLORENCE,30.433320000000002,1067,2017,1
GORDON,27.8611,1068,2017,1
HELENE,27.8611,1070,2017,1
MIRIAM,30.433320000000002,1065,2017,1
NORMAN,27.8611,1068,2017,1
ISAAC,30.433320000000002,1068,2017,1
JOYCE,27.8611,1069,2017,1
KEITH,27.8611,1065,2017,1
OLIVIA,27.8611,1066,2017,1
LESLIE,30.433320000000002,1072,2017,1
MISSING_1531,27.8611,1064,2017,1
MICHAEL,30.433320000000002,1067,2017,1
NADINE,27.8611,1069,2017,1
PAUL,27.8611,1067,2017,1
SUBTROP,30.433320000000002,1069,2017,1
MISSING_1532,27.8611,1062,2017,1
ROSA,27.8611,1065,2017,1
MISSING_1533,27.8611,1064,2017,1
SAM,25.28888,1065,2017,1
MISSING_1534,27.8611,1066,2017,1
ANDO,27.8611,1062,2017,1
BINDU,27.8611,1062,2017,1
CHARLY,25.28888,1061,2017,1
TERRI,27.8611,1062,2017,1
720002001,27.8611,1060,2017,1
WINSOME,25.28888,1058,2017,1
WYLVA,27.8611,1060,2017,1
HSK1101_TC07F,30.433320000000002,1057,2017,1
HSK1201OMA_OMA,22.716659999999994,1067,2017,1
ABIGAIL,30.433320000000002,1058,2017,1
PAULA,30.433320000000002,1058,2017,1
RITA,33.00554,1055,2017,1
DERA,27.8611,1064,2017,1
WALTER,27.8611,1063,2017,1
1020002001_HSK1701,27.8611,1062,2017,1
EVARISTE,27.8611,1063,2017,1
SOSE,27.8611,1060,2017,1
ALISTAIR,25.28888,1068,2017,1
MISSING_1535,27.8611,1060,2017,1
ADOLPH,27.8611,1066,2017,1
ALLISON,35.57776,1067,2017,1
MISSING_1536,27.8611,1050,2017,1
BARBARA,30.433320000000002,1068,2017,1
1120002001_HSK2201,30.433320000000002,1070,2017,1
MISSING_1537,27.8611,1071,2017,1
COSME,27.8611,1067,2017,1
DALILA,30.433320000000002,1067,2017,1
ERICK,30.433320000000002,1067,2017,1
BARRY,30.433320000000002,1071,2017,1
CHANTAL,27.8611,1070,2017,1
MISSING_1538,27.8611,1068,2017,1
DEAN,38.14998,1070,2017,1
FLOSSIE,30.433320000000002,1064,2017,1
ERIN,30.433320000000002,1066,2017,1
GIL,30.433320000000002,1066,2017,1
HENRIETTE,27.8611,1066,2017,1
FELIX,30.433320000000002,1068,2017,1
ONE-C,27.8611,1069,2017,1
IVO,27.8611,1064,2017,1
GABRIELLE,27.8611,1070,2017,1
MISSING_1539,30.433320000000002,1068,2017,1
JULIETTE,30.433320000000002,1067,2017,1
KIKO,30.433320000000002,1067,2017,1
HUMBERTO,27.8611,1072,2017,1
TWO-C,27.8611,1070,2017,1
MISSING_1540,27.8611,1066,2017,1
LORENA,30.433320000000002,1066,2017,1
MISSING_1541,27.8611,1069,2017,1
IRIS,27.8611,1071,2017,1
JERRY,27.8611,1068,2017,1
MISSING_1542,27.8611,1064,2017,1
MANUEL,30.433320000000002,1067,2017,1
KAREN,30.433320000000002,1069,2017,1
MISSING_1543,27.8611,1060,2017,1
NARDA,30.433320000000002,1066,2017,1
ALEX_ALEX-ANDRE_ANDRE,25.28888,1064,2017,1
LORENZO,30.433320000000002,1070,2017,1
MICHELLE,30.433320000000002,1064,2017,1
OCTAVE,30.433320000000002,1067,2017,1
NOEL,38.14998,1048,2017,1
MISSING_1544,27.8611,1064,2017,1
OLGA,27.8611,1063,2017,1
BAKO_BESSI_BESSI-BAKO,25.28888,1064,2017,1
CYPRIEN,27.8611,1064,2017,1
BERNIE,22.716659999999994,1066,2017,1
DINA,25.28888,1064,2017,1
EDDY,27.8611,1063,2017,1
FRANCESCA,27.8611,1062,2017,1
CHRIS,27.8611,1063,2017,1
CLAUDIA,27.8611,1063,2017,1
GUILLAUME,27.8611,1065,2017,1
DES,25.28888,1063,2017,1
HARY,25.28888,1065,2017,1
IKALA,25.28888,1066,2017,1
DIANNE_JERY,25.28888,1064,2017,1
BONNIE,20.14444,1068,2017,1
KESINY,27.8611,1062,2017,1
MISSING_1545,27.8611,1062,2017,1
ERROL,25.28888,1065,2017,1
MISSING_1546,27.8611,1066,2017,1
UPIA,27.8611,1060,2017,1
ALMA,30.433320000000002,1067,2017,1
BORIS,27.8611,1064,2017,1
MISSING_1547,30.433320000000002,1067,2017,1
CRISTINA,30.433320000000002,1068,2017,1
ARTHUR,30.433320000000002,1069,2017,1
KALMAEGI,33.00554,1062,2017,1
DOUGLAS,30.433320000000002,1069,2017,1
ELIDA,30.433320000000002,1066,2017,1
BERTHA,27.8611,1072,2017,1
MISSING_1548,27.8611,1069,2017,1
CRISTOBAL,30.433320000000002,1068,2017,1
ALIKA,40.7222,1057,2017,1
FAUSTO,27.8611,1066,2017,1
ELE,22.716659999999994,1059,2017,1
GENEVIEVE,30.433320000000002,1067,2017,1
DOLLY,30.433320000000002,1067,2017,1
HERNAN,30.433320000000002,1066,2017,1
EDOUARD,30.433320000000002,1073,2017,1
0120022003_ABAIMBA,25.28888,1069,2017,1
MISSING_1549,27.8611,1067,2017,1
FAY,30.433320000000002,1069,2017,1
MISSING_1550,30.433320000000002,1073,2017,1
GUSTAV,30.433320000000002,1069,2017,1
HANNA,30.433320000000002,1061,2017,1
ISIDORE,27.8611,1069,2017,1
ISELLE,27.8611,1065,2017,1
JOSEPHINE,30.433320000000002,1076,2017,1
KYLE,27.8611,1067,2017,1
LILI,27.8611,1069,2017,1
JULIO,27.8611,1065,2017,1
MISSING_1551,30.433320000000002,1068,2017,1
KENNA,30.433320000000002,1066,2017,1
LOWELL,30.433320000000002,1068,2017,1
MISSING_1552,27.8611,1062,2017,1
HUKO,25.28888,1071,2017,1
MISSING_1553,27.8611,1064,2017,1
MISSING_1554,27.8611,1068,2017,1
BOURA,27.8611,1062,2017,1
MISSING_1555,27.8611,1064,2017,1
YOLANDE,25.28888,1062,2017,1
MISSING_1556,27.8611,1066,2017,1
CRYSTAL,25.28888,1065,2017,1
ZOE,25.28888,1062,2017,1
DELFINA,27.8611,1066,2017,1
MISSING_1557,25.28888,1064,2017,1
EBULA,27.8611,1066,2017,1
AMI,27.8611,1059,2017,1
BENI,22.716659999999994,1065,2017,1
FARI,25.28888,1065,2017,1
CILLA,30.433320000000002,1057,2017,1
FIONA,22.716659999999994,1067,2017,1
ISHA,27.8611,1063,2017,1
DOVI,30.433320000000002,1058,2017,1
GERRY,22.716659999999994,1066,2017,1
HAPE,25.28888,1065,2017,1
GRAHAM,27.8611,1058,2017,1
JAPHET,25.28888,1064,2017,1
HARRIET,25.28888,1060,2017,1
ERICA,30.433320000000002,1059,2017,1
KALUNDE,25.28888,1065,2017,1
CRAIG,20.14444,1064,2017,1
ESETA,30.433320000000002,1058,2017,1
INIGO,25.28888,1066,2017,1
LUMA,25.28888,1065,2017,1
FILI,30.433320000000002,1057,2017,1
ANA,30.433320000000002,1068,2017,1
MANOU,25.28888,1064,2017,1
MISSING_1558,27.8611,1062,2017,1
ANDRES,27.8611,1067,2017,1
GINA,25.28888,1063,2017,1
MISSING_1559,30.433320000000002,1069,2017,1
BLANCA,27.8611,1067,2017,1
CARLOS,27.8611,1067,2017,1
BILL,25.28888,1069,2017,1
DOLORES,30.433320000000002,1067,2017,1
CLAUDETTE,27.8611,1070,2017,1
ENRIQUE,27.8611,1065,2017,1
DANNY,27.8611,1077,2017,1
FELICIA,27.8611,1069,2017,1
MISSING_1560,30.433320000000002,1070,2017,1
MISSING_1561,27.8611,1052,2017,1
MISSING_1562,27.8611,1077,2017,1
GUILLERMO,27.8611,1069,2017,1
HILDA,27.8611,1067,2017,1
01-C,27.8611,1069,2017,1
ERIKA,33.00554,1071,2017,1
MISSING_1563,30.433320000000002,1069,2017,1
IGNACIO,30.433320000000002,1068,2017,1
JIMENA,30.433320000000002,1068,2017,1
FABIAN,27.8611,1069,2017,1
MISSING_1564,27.8611,1056,2017,1
GRACE,30.433320000000002,1068,2017,1
KEVIN,30.433320000000002,1061,2017,1
HENRI,27.8611,1073,2017,1
ISABEL,30.433320000000002,1069,2017,1
MISSING_1565,27.8611,1069,2017,1
LINDA,27.8611,1067,2017,1
MARTY,27.8611,1064,2017,1
JUAN,27.8611,1069,2017,1
KATE,30.433320000000002,1068,2017,1
LARRY,22.716659999999994,1069,2017,1
ABAIMBA,25.28888,1067,2017,1
NORA,27.8611,1067,2017,1
OLAF,30.433320000000002,1066,2017,1
MISSING_1566,27.8611,1058,2017,1
MINDY,35.57776,1064,2017,1
NICHOLAS,27.8611,1069,2017,1
PATRICIA,30.433320000000002,1067,2017,1
MISSING_1567,27.8611,1064,2017,1
BENI,27.8611,1064,2017,1
MISSING_1568,27.8611,1062,2017,1
CELA,25.28888,1068,2017,1
ODETTE,30.433320000000002,1065,2017,1
JANA,25.28888,1065,2017,1
PETER,35.57776,1065,2017,1
MISSING_1569,27.8611,1064,2017,1
DEBBIE,25.28888,1065,2017,1
DARIUS,25.28888,1066,2017,1
HETA,22.716659999999994,1064,2017,1
ELITA,25.28888,1061,2017,1
FRANK,25.28888,1065,2017,1
LINDA,25.28888,1065,2017,1
FRITZ,30.433320000000002,1060,2017,1
IVY,27.8611,1059,2017,1
MONTY,22.716659999999994,1062,2017,1
EVAN,22.716659999999994,1066,2017,1
GAFILO,25.28888,1065,2017,1
HELMA_NICKY_NICKY-HELMA,27.8611,1065,2017,1
FAY,22.716659999999994,1066,2017,1
ITSENG_OSCAR_OSCAR-ITSANG,25.28888,1064,2017,1
GRACE,33.00554,1052,2017,1
MISSING_1570,38.14998,1060,2017,1
MISSING_1571,27.8611,1062,2017,1
JUBA,27.8611,1062,2017,1
MISSING_1572,27.8611,1060,2017,1
AGATHA,27.8611,1066,2017,1
MISSING_1573,27.8611,1056,2017,1
MISSING_1574,27.8611,1058,2017,1
MISSING_1575,27.8611,1068,2017,1
MISSING_1576,25.28888,1069,2017,1
BLAS,30.433320000000002,1066,2017,1
CELIA,30.433320000000002,1068,2017,1
DARBY,27.8611,1068,2017,1
MISSING_1577,27.8611,1068,2017,1
ALEX,27.8611,1070,2017,1
BONNIE,27.8611,1070,2017,1
CHARLEY,30.433320000000002,1070,2017,1
EARL,30.433320000000002,1071,2017,1
DANIELLE,30.433320000000002,1069,2017,1
ESTELLE,30.433320000000002,1068,2017,1
FRANK,30.433320000000002,1065,2017,1
MISSING_1578,27.8611,1068,2017,1
FRANCES,27.8611,1069,2017,1
GEORGETTE,30.433320000000002,1066,2017,1
HERMINE,27.8611,1076,2017,1
GASTON,27.8611,1075,2017,1
PHOEBE,33.00554,1060,2017,1
HOWARD,27.8611,1068,2017,1
IVAN,27.8611,1069,2017,1
ISIS,30.433320000000002,1065,2017,1
MISSING_1579,27.8611,1069,2017,1
JAVIER,30.433320000000002,1065,2017,1
MISSING_1580,27.8611,1056,2017,1
JEANNE,27.8611,1070,2017,1
KARL,30.433320000000002,1068,2017,1
LISA,30.433320000000002,1064,2017,1
MISSING_1581,27.8611,1066,2017,1
MISSING_1582,27.8611,1066,2017,1
KAY,30.433320000000002,1066,2017,1
MISSING_1583,27.8611,1066,2017,1
MATTHEW,30.433320000000002,1067,2017,1
NICOLE,35.57776,1060,2017,1
LESTER,30.433320000000002,1066,2017,1
MISSING_1584,27.8611,1066,2017,1
MISSING_1585,27.8611,1066,2017,1
AROLA,25.28888,1067,2017,1
BENTO_BENTOJANA,25.28888,1067,2017,1
OTTO,30.433320000000002,1069,2017,1
MISSING_1586,33.00554,1064,2017,1
CHAMBO,27.8611,1062,2017,1
JUDY,22.716659999999994,1064,2017,1
RAYMOND,25.28888,1064,2017,1
KERRY,25.28888,1063,2017,1
SALLY,25.28888,1060,2017,1
MISSING_1587,27.8611,1066,2017,1
DAREN,25.28888,1066,2017,1
ERNEST,25.28888,1067,2017,1
TIM,27.8611,1066,2017,1
FELAPI,25.28888,1064,2017,1
LOLA,22.716659999999994,1064,2017,1
GERARD,25.28888,1063,2017,1
MEENA,22.716659999999994,1064,2017,1
HARVEY,25.28888,1064,2017,1
VIVIENNE,27.8611,1065,2017,1
OLAF,22.716659999999994,1065,2017,1
NANCY,25.28888,1062,2017,1
PERCY,25.28888,1062,2017,1
RAE_RAY,22.716659999999994,1064,2017,1
INGRID,25.28888,1067,2017,1
WILLY,25.28888,1068,2017,1
HENNE_HENNIE,25.28888,1065,2017,1
ISANG,25.28888,1063,2017,1
ADELINE_ADELINE-JULI_JULIET,25.28888,1065,2017,1
SHEILA,22.716659999999994,1064,2017,1
ADRIAN,30.433320000000002,1065,2017,1
ARLENE,27.8611,1064,2017,1
MISSING_1589,27.8611,1052,2017,1
BEATRIZ,27.8611,1066,2017,1
CALVIN,27.8611,1064,2017,1
MISSING_1590,27.8611,1050,2017,1
BRET,30.433320000000002,1066,2017,1
DORA,30.433320000000002,1068,2017,1
CINDY,30.433320000000002,1069,2017,1
DENNIS,27.8611,1070,2017,1
EMILY,27.8611,1070,2017,1
EUGENE,30.433320000000002,1062,2017,1
FRANKLIN,30.433320000000002,1070,2017,1
GERT,27.8611,1071,2017,1
MISSING_1591,27.8611,1052,2017,1
ONE,25.28888,1069,2017,1
HARVEY,30.433320000000002,1066,2017,1
IRENE,27.8611,1069,2017,1
FERNANDA,27.8611,1066,2017,1
GREG,27.8611,1068,2017,1
TEN,27.8611,1069,2017,1
HILARY,27.8611,1067,2017,1
JOSE,30.433320000000002,1066,2017,1
KATRINA,30.433320000000002,1068,2017,1
IRWIN,27.8611,1067,2017,1
LEE,27.8611,1069,2017,1
MARIA,30.433320000000002,1068,2017,1
OPHELIA,27.8611,1069,2017,1
NATE,30.433320000000002,1068,2017,1
JOVA,30.433320000000002,1068,2017,1
MISSING_1592,27.8611,1052,2017,1
MISSING_1593,27.8611,1056,2017,1
KENNETH,30.433320000000002,1069,2017,1
MISSING_1594,27.8611,1060,2017,1
LIDIA,27.8611,1068,2017,1
PHILIPPE,30.433320000000002,1068,2017,1
MAX,25.28888,1069,2017,1
RITA,27.8611,1069,2017,1
NORMA,30.433320000000002,1068,2017,1
OTIS,27.8611,1067,2017,1
NINETEEN,27.8611,1069,2017,1
STAN,27.8611,1067,2017,1
MISSING_1595,30.433320000000002,1072,2017,1
TAMMY,33.00554,1066,2017,1
TWENTY-TWO,30.433320000000002,1069,2017,1
VINCE,35.57776,1061,2017,1
SIXTEEN,30.433320000000002,1068,2017,1
WILMA,27.8611,1064,2017,1
ALPHA,30.433320000000002,1067,2017,1
MISSING_1596,27.8611,1064,2017,1
BETA,30.433320000000002,1067,2017,1
GAMMA,30.433320000000002,1067,2017,1
ALVIN_BERTIE,27.8611,1064,2017,1
MISSING_1597,27.8611,1062,2017,1
DELTA,27.8611,1070,2017,1
BAAZ,27.8611,1066,2017,1
EPSILON,38.14998,1053,2017,1
FANOOS,27.8611,1066,2017,1
MISSING_1598,27.8611,1066,2017,1
ZETA,30.433320000000002,1069,2017,1
CLARE,25.28888,1062,2017,1
TAM,20.14444,1067,2017,1
MISSING_1599,27.8611,1066,2017,1
URMIL,27.8611,1059,2017,1
DARYL,25.28888,1058,2017,1
BOLOETSE,25.28888,1068,2017,1
VAIANU,27.8611,1060,2017,1
920052006,25.28888,1067,2017,1
KATE,30.433320000000002,1062,2017,1
CARINA,25.28888,1064,2017,1
EMMA,25.28888,1060,2017,1
DIWA,27.8611,1063,2017,1
WATI,22.716659999999994,1065,2017,1
FLOYD,25.28888,1064,2017,1
GLENDA,25.28888,1062,2017,1
HUBERT,25.28888,1064,2017,1
ELIA,33.00554,1055,2017,1
MONICA,27.8611,1063,2017,1
MALA,27.8611,1056,2017,1
ALETTA,27.8611,1065,2017,1
TWO,27.8611,1065,2017,1
ALBERTO,27.8611,1064,2017,1
MISSING_1600,27.8611,1050,2017,1
BUD,30.433320000000002,1067,2017,1
CARLOTTA,30.433320000000002,1066,2017,1
DANIEL,27.8611,1068,2017,1
MISSING_1601,30.433320000000002,1069,2017,1
BERYL,30.433320000000002,1070,2017,1
EMILIA,27.8611,1067,2017,1
GILMA,30.433320000000002,1069,2017,1
FABIO,30.433320000000002,1069,2017,1
CHRIS,30.433320000000002,1071,2017,1
MISSING_1602,27.8611,1050,2017,1
MISSING_1603,27.8611,1052,2017,1
IOKE,27.8611,1070,2017,1
HECTOR,30.433320000000002,1066,2017,1
MISSING_1604,27.8611,1050,2017,1
ILEANA,30.433320000000002,1066,2017,1
DEBBY,30.433320000000002,1067,2017,1
ERNESTO,30.433320000000002,1068,2017,1
JOHN,27.8611,1065,2017,1
MISSING_1605,27.8611,1052,2017,1
KRISTY,30.433320000000002,1067,2017,1
FLORENCE,30.433320000000002,1067,2017,1
MISSING_1606,27.8611,1052,2017,1
GORDON,27.8611,1072,2017,1
HELENE,27.8611,1067,2017,1
LANE,30.433320000000002,1066,2017,1
TWO,25.28888,1069,2017,1
MIRIAM,27.8611,1066,2017,1
MUKDA,27.8611,1064,2017,1
MISSING_1607,27.8611,1056,2017,1
THREE,22.716659999999994,1069,2017,1
MISSING_1608,27.8611,1062,2017,1
ISAAC,30.433320000000002,1072,2017,1
FOUR,27.8611,1069,2017,1
NORMAN,30.433320000000002,1066,2017,1
OLIVIA,30.433320000000002,1065,2017,1
PAUL,30.433320000000002,1064,2017,1
XAVIER,22.716659999999994,1065,2017,1
MISSING_1609,27.8611,1062,2017,1
EIGHTEEN,30.433320000000002,1068,2017,1
ROSA,30.433320000000002,1066,2017,1
TWENTY,30.433320000000002,1067,2017,1
SERGIO,27.8611,1069,2017,1
YANI,25.28888,1061,2017,1
ANITA,25.28888,1067,2017,1
BONDO,22.716659999999994,1070,2017,1
CLOVIS,25.28888,1065,2017,1
ARTHUR,22.716659999999994,1064,2017,1
ZITA,22.716659999999994,1064,2017,1
DORA,25.28888,1068,2017,1
NELSON,25.28888,1061,2017,1
ENOK,25.28888,1066,2017,1
FAVIO,22.716659999999994,1066,2017,1
GAMEDE,25.28888,1064,2017,1
HUMBA,27.8611,1063,2017,1
JACOB,25.28888,1062,2017,1
INDLALA,25.28888,1066,2017,1
KARA,22.716659999999994,1065,2017,1
BECKY,27.8611,1060,2017,1
JAYA,22.716659999999994,1066,2017,1
CLIFF,22.716659999999994,1064,2017,1
1520062007,22.716659999999994,1070,2017,1
ANDREA,33.00554,1072,2017,1
AKASH,27.8611,1058,2017,1
PIERRE,30.433320000000002,1060,2017,1
ALVIN,30.433320000000002,1066,2017,1
BARBARA,30.433320000000002,1067,2017,1
GONU,27.8611,1062,2017,1
BARRY,27.8611,1068,2017,1
THREE,30.433320000000002,1065,2017,1
MISSING_1610,27.8611,1052,2017,1
FOUR,30.433320000000002,1066,2017,1
COSME,27.8611,1067,2017,1
FIVE,30.433320000000002,1066,2017,1
DALILA,27.8611,1068,2017,1
MISSING_1611,35.57776,1052,2017,1
CHANTAL,30.433320000000002,1067,2017,1
ERICK,27.8611,1068,2017,1
FLOSSIE,30.433320000000002,1067,2017,1
DEAN,30.433320000000002,1066,2017,1
ERIN,27.8611,1066,2017,1
HENRIETTE,27.8611,1068,2017,1
GIL,30.433320000000002,1064,2017,1
FELIX,27.8611,1069,2017,1
GABRIELLE,35.57776,1071,2017,1
INGRID,27.8611,1069,2017,1
HUMBERTO,27.8611,1069,2017,1
IVO,27.8611,1067,2017,1
THIRTEEN,27.8611,1068,2017,1
TEN,30.433320000000002,1065,2017,1
JERRY,30.433320000000002,1068,2017,1
KAREN,30.433320000000002,1066,2017,1
LORENZO,27.8611,1069,2017,1
MELISSA,27.8611,1070,2017,1
JULIETTE,30.433320000000002,1066,2017,1
FIFTEEN,30.433320000000002,1071,2017,1
KIKO,27.8611,1065,2017,1
NOEL,25.28888,1070,2017,1
SIDR,27.8611,1064,2017,1
ARIEL_LEE_LEE-ARIEL,22.716659999999994,1066,2017,1
GUBA,30.433320000000002,1057,2017,1
BONGWE,27.8611,1063,2017,1
DAMAN,22.716659999999994,1064,2017,1
OLGA,33.00554,1069,2017,1
CELINA,25.28888,1066,2017,1
DAMA,27.8611,1062,2017,1
ELNUS,25.28888,1066,2017,1
ELISA,20.14444,1068,2017,1
FUNA,30.433320000000002,1059,2017,1
FAME,25.28888,1064,2017,1
GULA,25.28888,1065,2017,1
GENE,22.716659999999994,1065,2017,1
HONDO,25.28888,1063,2017,1
IVAN,25.28888,1064,2017,1
NICHOLAS,25.28888,1056,2017,1
OPHELIA,25.28888,1063,2017,1
JOKWE,25.28888,1068,2017,1
KAMBA,27.8611,1060,2017,1
LOLA,22.716659999999994,1064,2017,1
PANCHO,25.28888,1060,2017,1
DURGA,35.57776,1050,2017,1
NARGIS,27.8611,1060,2017,1
ALMA,30.433320000000002,1063,2017,1
ARTHUR,33.00554,1065,2017,1
MISSING_1612,27.8611,1060,2017,1
MISSING_1613,27.8611,1052,2017,1
BORIS,30.433320000000002,1066,2017,1
CRISTINA,30.433320000000002,1067,2017,1
DOUGLAS,27.8611,1067,2017,1
BERTHA,30.433320000000002,1068,2017,1
FIVE,27.8611,1066,2017,1
ELIDA,30.433320000000002,1067,2017,1
FAUSTO,30.433320000000002,1066,2017,1
CRISTOBAL,27.8611,1070,2017,1
DOLLY,35.57776,1068,2017,1
GENEVIEVE,30.433320000000002,1066,2017,1
EDOUARD,27.8611,1070,2017,1
KIKA,25.28888,1070,2017,1
HERNAN,27.8611,1066,2017,1
MISSING_1614,27.8611,1048,2017,1
ISELLE,30.433320000000002,1065,2017,1
FAY,30.433320000000002,1071,2017,1
JULIO,30.433320000000002,1067,2017,1
GUSTAV,27.8611,1068,2017,1
HANNA,30.433320000000002,1067,2017,1
IKE,30.433320000000002,1066,2017,1
JOSEPHINE,30.433320000000002,1067,2017,1
KARINA,30.433320000000002,1062,2017,1
LOWELL,27.8611,1064,2017,1
TWO,27.8611,1056,2017,1
KYLE,30.433320000000002,1065,2017,1
LAURA,35.57776,1071,2017,1
MARIE,30.433320000000002,1066,2017,1
NORBERT,30.433320000000002,1066,2017,1
MARCO,27.8611,1066,2017,1
ODILE,27.8611,1066,2017,1
NANA,30.433320000000002,1067,2017,1
OMAR,27.8611,1065,2017,1
SIXTEEN,27.8611,1064,2017,1
ASMA,25.28888,1066,2017,1
THREE,27.8611,1064,2017,1
SEVENTEEN,27.8611,1069,2017,1
RASHMI,27.8611,1064,2017,1
POLO,27.8611,1067,2017,1
PALOMA,27.8611,1064,2017,1
KHAI-MUK,27.8611,1062,2017,1
BERNARD_THREE,25.28888,1066,2017,1
NISHA,27.8611,1061,2017,1
SEVEN,27.8611,1066,2017,1
CINDA,25.28888,1068,2017,1
BILLY,20.14444,1062,2017,1
DONGO,27.8611,1065,2017,1
CHARLOTTE,30.433320000000002,1055,2017,1
ERIC,25.28888,1069,2017,1
FANELE,22.716659999999994,1066,2017,1
HETTIE,22.716659999999994,1066,2017,1
ELLIE,27.8611,1055,2017,1
GAEL,25.28888,1066,2017,1
FREDDY,25.28888,1058,2017,1
INNIS,20.14444,1068,2017,1
HINA,27.8611,1065,2017,1
GABRIELLE,27.8611,1062,2017,1
HAMISH,30.433320000000002,1059,2017,1
JONI,22.716659999999994,1065,2017,1
ILSA,25.28888,1066,2017,1
KEN,27.8611,1060,2017,1
JASPER,27.8611,1059,2017,1
IZILDA,25.28888,1067,2017,1
LIN,25.28888,1062,2017,1
JADE,22.716659999999994,1066,2017,1
BIJLI,27.8611,1064,2017,1
KIRRILY,25.28888,1065,2017,1
AILA,27.8611,1058,2017,1
ONE,27.8611,1070,2017,1
ONE,27.8611,1066,2017,1
ANDRES,30.433320000000002,1063,2017,1
MISSING_1615,27.8611,1058,2017,1
MISSING_1616,27.8611,1056,2017,1
BLANCA,30.433320000000002,1066,2017,1
CARLOS,27.8611,1067,2017,1
DOLORES,27.8611,1068,2017,1
MISSING_1617,27.8611,1052,2017,1
LANA,30.433320000000002,1068,2017,1
FELICIA,27.8611,1067,2017,1
ENRIQUE,30.433320000000002,1066,2017,1
NINE,27.8611,1070,2017,1
MAKA_TD0813,27.8611,1069,2017,1
GUILLERMO,27.8611,1069,2017,1
ANA,27.8611,1068,2017,1
BILL,30.433320000000002,1067,2017,1
CLAUDETTE,30.433320000000002,1071,2017,1
HILDA,27.8611,1069,2017,1
IGNACIO,30.433320000000002,1065,2017,1
TD0830_TWO_TWO_C,25.28888,1069,2017,1
KEVIN,27.8611,1070,2017,1
JIMENA,27.8611,1068,2017,1
DANNY,35.57776,1069,2017,1
ERIKA,38.14998,1067,2017,1
LINDA,27.8611,1069,2017,1
MISSING_1618,27.8611,1050,2017,1
FRED,30.433320000000002,1065,2017,1
MARTY,27.8611,1067,2017,1
NORA,25.28888,1068,2017,1
EIGHT,25.28888,1070,2017,1
OLAF,30.433320000000002,1063,2017,1
GRACE,43.29442,1055,2017,1
HENRI,30.433320000000002,1068,2017,1
PATRICIA,30.433320000000002,1065,2017,1
RICK,30.433320000000002,1065,2017,1
NEKI,27.8611,1068,2017,1
IDA,30.433320000000002,1067,2017,1
PHYAN,27.8611,1060,2017,1
BONGANI,22.716659999999994,1071,2017,1
CLEO,25.28888,1065,2017,1
WARD,27.8611,1064,2017,1
DAVID,25.28888,1065,2017,1
MICK,30.433320000000002,1060,2017,1
EDZANI,27.8611,1061,2017,1
MAGDA,25.28888,1064,2017,1
NEVILLE,25.28888,1060,2017,1
OLGA,25.28888,1064,2017,1
NISHA,25.28888,1065,2017,1
OLI,25.28888,1062,2017,1
FAMI,25.28888,1064,2017,1
PAT,27.8611,1062,2017,1
RENE,25.28888,1066,2017,1
GELANE,25.28888,1064,2017,1
SARAH_SEVENTEEN,27.8611,1062,2017,1
HUBERT,22.716659999999994,1070,2017,1
INVEST,30.433320000000002,1060,2017,1
TOMAS,25.28888,1065,2017,1
ULUI,69.01661999999999,999,2017,1
IMANI,25.28888,1067,2017,1
PAUL,22.716659999999994,1066,2017,1
ROBYN,25.28888,1064,2017,1
SEAN,25.28888,1066,2017,1
BANDU,27.8611,1062,2017,1
LAILA,27.8611,1064,2017,1
JOEL,22.716659999999994,1075,2017,1
AGATHA,30.433320000000002,1065,2017,1
PHET,27.8611,1061,2017,1
BLAS,25.28888,1068,2017,1
TWO,27.8611,1068,2017,1
CELIA,25.28888,1070,2017,1
DARBY,25.28888,1069,2017,1
ALEX,27.8611,1067,2017,1
TWO,27.8611,1066,2017,1
SIX,27.8611,1067,2017,1
BONNIE,30.433320000000002,1069,2017,1
COLIN,30.433320000000002,1067,2017,1
ESTELLE,25.28888,1068,2017,1
FIVE,27.8611,1068,2017,1
EIGHT,30.433320000000002,1064,2017,1
DANIELLE,27.8611,1069,2017,1
FRANK,27.8611,1067,2017,1
EARL,27.8611,1069,2017,1
FIONA,27.8611,1067,2017,1
GASTON,27.8611,1068,2017,1
TEN,30.433320000000002,1063,2017,1
ELEVEN_HERMINE,30.433320000000002,1066,2017,1
IGOR,30.433320000000002,1066,2017,1
JULIA,30.433320000000002,1067,2017,1
KARL,27.8611,1065,2017,1
LISA,27.8611,1068,2017,1
GEORGETTE,30.433320000000002,1061,2017,1
MATTHEW,30.433320000000002,1068,2017,1
NICOLE,27.8611,1063,2017,1
OTTO,30.433320000000002,1060,2017,1
MISSING_1619,27.8611,1058,2017,1
PAULA,30.433320000000002,1066,2017,1
MISSING_1620,27.8611,1062,2017,1
GIRI,27.8611,1062,2017,1
RICHARD,30.433320000000002,1068,2017,1
TOMAS,30.433320000000002,1066,2017,1
SHARY,30.433320000000002,1066,2017,1
JAL,27.8611,1062,2017,1
MISSING_1621,27.8611,1060,2017,1
OMEKA_TD1219,27.8611,1064,2017,1
MISSING_1623,20.14444,1062,2017,1
VINCE,27.8611,1056,2017,1
VANIA,25.28888,1065,2017,1
ZELIA,25.28888,1060,2017,1
WILMA,25.28888,1065,2017,1
BIANCA,20.14444,1060,2017,1
ANTHONY,30.433320000000002,1057,2017,1
YASI,25.28888,1064,2017,1
MISSING_1624,27.8611,1062,2017,1
ZAKA,27.8611,1070,2017,1
CARLOS,22.716659999999994,1064,2017,1
ATU,22.716659999999994,1063,2017,1
INVEST,25.28888,1067,2017,1
CHERONO,22.716659999999994,1065,2017,1
BUNE,27.8611,1064,2017,1
920102011,27.8611,1067,2017,1
ADRIAN,27.8611,1067,2017,1
ONE,27.8611,1056,2017,1
MISSING_1625,27.8611,1046,2017,1
BEATRIZ,27.8611,1066,2017,1
ARLENE,27.8611,1067,2017,1
CALVIN,27.8611,1066,2017,1
BRET,25.28888,1074,2017,1
DORA,27.8611,1068,2017,1
CINDY,30.433320000000002,1070,2017,1
MISSING_1626,25.28888,1050,2017,1
DON,30.433320000000002,1067,2017,1
EUGENE,27.8611,1067,2017,1
EMILY,35.57776,1067,2017,1
GERT,30.433320000000002,1073,2017,1
FRANKLIN,27.8611,1071,2017,1
FERNANDA,27.8611,1068,2017,1
GREG,30.433320000000002,1066,2017,1
HARVEY,30.433320000000002,1066,2017,1
IRENE,38.14998,1066,2017,1
TEN,30.433320000000002,1066,2017,1
JOSE,30.433320000000002,1076,2017,1
KATIA,25.28888,1072,2017,1
EIGHT,27.8611,1064,2017,1
MISSING_1627,27.8611,1073,2017,1
LEE,30.433320000000002,1067,2017,1
MARIA,30.433320000000002,1068,2017,1
NATE,30.433320000000002,1066,2017,1
OPHELIA,27.8611,1068,2017,1
HILARY,30.433320000000002,1066,2017,1
MISSING_1628,17.057775999999997,1058,2017,1
PHILIPPE,25.28888,1070,2017,1
IRWIN,27.8611,1069,2017,1
JOVA,27.8611,1069,2017,1
TWELVE,25.28888,1069,2017,1
TWO,16.543332,1062,2017,1
RINA,27.8611,1067,2017,1
KEILA,27.8611,1064,2017,1
FOUR,27.8611,1064,2017,1
SEAN,38.14998,1065,2017,1
KENNETH,27.8611,1067,2017,1
FIVE,27.8611,1062,2017,1
ALENGA,22.716659999999994,1066,2017,1
MISSING_1629,25.28888,1065,2017,1
GRANT,25.28888,1064,2017,1
THANE,27.8611,1060,2017,1
BENILDE,27.8611,1060,2017,1
CHANDA,25.28888,1068,2017,1
DANDO,30.433320000000002,1064,2017,1
ETHEL,22.716659999999994,1065,2017,1
FUNSO,25.28888,1065,2017,1
JASMINE,25.28888,1057,2017,1
CYRIL,25.28888,1055,2017,1
HILWA,31.976652,1057,2017,1
IRINA,25.28888,1061,2017,1
JONI_KOJI,25.28888,1062,2017,1
LUA,25.28888,1059,2017,1
DAPHNE,27.8611,1058,2017,1
ALETTA,27.8611,1068,2017,1
ALBERTO,27.8611,1070,2017,1
BUD,27.8611,1066,2017,1
BERYL,30.433320000000002,1070,2017,1
CARLOTTA,30.433320000000002,1066,2017,1
CHRIS,25.28888,1069,2017,1
DEBBY,33.00554,1062,2017,1
DANIEL,30.433320000000002,1066,2017,1
EMILIA,27.8611,1066,2017,1
FABIO,25.28888,1067,2017,1
ERNESTO,30.433320000000002,1068,2017,1
FLORENCE,27.8611,1071,2017,1
GILMA,27.8611,1068,2017,1
HELENE,30.433320000000002,1070,2017,1
HECTOR,30.433320000000002,1060,2017,1
GORDON,30.433320000000002,1073,2017,1
ISAAC,27.8611,1070,2017,1
JOYCE,27.8611,1071,2017,1
ILEANA,25.28888,1068,2017,1
LESLIE,25.28888,1070,2017,1
KIRK,30.433320000000002,1067,2017,1
MICHAEL,25.28888,1075,2017,1
JOHN,33.00554,1064,2017,1
NADINE,27.8611,1068,2017,1
KRISTY,27.8611,1068,2017,1
LANE,30.433320000000002,1066,2017,1
MIRIAM,30.433320000000002,1065,2017,1
NORMAN,38.14998,1057,2017,1
OSCAR,27.8611,1068,2017,1
OLIVIA,30.433320000000002,1066,2017,1
MISSING_1630,27.8611,1063,2017,1
PATTY,27.8611,1072,2017,1
RAFAEL,33.00554,1066,2017,1
PAUL,30.433320000000002,1066,2017,1
SANDY,27.8611,1066,2017,1
TONY,27.8611,1071,2017,1
MURJAN,27.8611,1064,2017,1
NILAM,27.8611,1064,2017,1
ROSA,30.433320000000002,1066,2017,1
THREE,27.8611,1064,2017,1
BOLDWIN,22.716659999999994,1067,2017,1
CLAUDIA,25.28888,1066,2017,1
EVAN,27.8611,1059,2017,1
FOUR,27.8611,1064,2017,1
DUMILE,22.716659999999994,1066,2017,1
FREDA,22.716659999999994,1062,2017,1
MITCHELL,25.28888,1064,2017,1
EMANG,22.716659999999994,1067,2017,1
OSWALD,22.716659999999994,1063,2017,1
GARRY,30.433320000000002,1062,2017,1
PETA,22.716659999999994,1061,2017,1
FELLENG,27.8611,1064,2017,1
HALEY,30.433320000000002,1059,2017,1
GINO,25.28888,1063,2017,1
HARUNA,27.8611,1065,2017,1
RUSTY,25.28888,1065,2017,1
SANDRA,22.716659999999994,1062,2017,1
TIM,25.28888,1058,2017,1
ZANE,25.28888,1064,2017,1
JAMALA,25.28888,1064,2017,1
MAHASEN_VIYARU,27.8611,1064,2017,1
ALVIN,25.28888,1069,2017,1
BARBARA,30.433320000000002,1066,2017,1
MISSING_1631,27.8611,1056,2017,1
ANDREA,33.00554,1066,2017,1
BARRY,25.28888,1069,2017,1
COSME,30.433320000000002,1065,2017,1
DALILA,27.8611,1068,2017,1
ERICK,30.433320000000002,1066,2017,1
CHANTAL,33.00554,1071,2017,1
DORIAN,27.8611,1069,2017,1
FLOSSIE,30.433320000000002,1065,2017,1
GIL,25.28888,1069,2017,1
MISSING_1632,27.8611,1050,2017,1
HENRIETTE,27.8611,1069,2017,1
THREE,25.28888,1068,2017,1
UNALA,25.28888,1070,2017,1
PEWA,27.8611,1069,2017,1
ERIN,30.433320000000002,1068,2017,1
IVO,25.28888,1068,2017,1
MISSING_1633,27.8611,1050,2017,1
FERNAND,30.433320000000002,1066,2017,1
JULIETTE,33.00554,1063,2017,1
KIKO,25.28888,1068,2017,1
GABRIELLE,30.433320000000002,1070,2017,1
LORENA,27.8611,1066,2017,1
EIGHT,30.433320000000002,1069,2017,1
HUMBERTO,27.8611,1069,2017,1
INGRID,27.8611,1066,2017,1
MANUEL,30.433320000000002,1059,2017,1
JERRY,30.433320000000002,1072,2017,1
KAREN,38.14998,1066,2017,1
NARDA,30.433320000000002,1067,2017,1
PHAILIN,27.8611,1064,2017,1
OCTAVE,30.433320000000002,1065,2017,1
PRISCILLA,27.8611,1065,2017,1
RAYMOND,27.8611,1066,2017,1
LORENZO,30.433320000000002,1072,2017,1
0120132014_ONE,25.28888,1066,2017,1
TD_THIRTY,27.8611,1064,2017,1
SONIA,30.433320000000002,1067,2017,1
THREE,27.8611,1066,2017,1
MELISSA,33.00554,1066,2017,1
HELEN,27.8611,1064,2017,1
LEHAR,27.8611,1064,2017,1
INVEST,40.7222,1062,2017,1
MADI,27.8611,1064,2017,1
AMARA,27.8611,1060,2017,1
BRUCE,25.28888,1065,2017,1
CHRISTINE,25.28888,1065,2017,1
BEJISA,25.28888,1069,2017,1
ONE,27.8611,1066,2017,1
IAN,25.28888,1063,2017,1
COLIN,30.433320000000002,1056,2017,1
DELIWE,25.28888,1067,2017,1
JUNE,27.8611,1060,2017,1
JUNE,35.57776,1050,2017,1
DYLAN,27.8611,1063,2017,1
MISSING_1634,20.14444,1062,2017,1
EDNA,30.433320000000002,1059,2017,1
EDILSON,22.716659999999994,1065,2017,1
FOBANE,27.8611,1063,2017,1
GUITO,25.28888,1065,2017,1
KOFI,22.716659999999994,1062,2017,1
HADI,25.28888,1062,2017,1
LUSI,27.8611,1059,2017,1
MIKE,25.28888,1060,2017,1
MIKE,40.7222,1050,2017,1
HELLEN,22.716659999999994,1067,2017,1
MISSING_1635,27.8611,1064,2017,1
AMANDA,27.8611,1067,2017,1
BORIS,25.28888,1067,2017,1
NANAUK,27.8611,1058,2017,1
CRISTINA,27.8611,1067,2017,1
MISSING_1636,38.14998,1048,2017,1
DOUGLAS,30.433320000000002,1066,2017,1
ARTHUR,25.28888,1077,2017,1
ELIDA,38.14998,1064,2017,1
FAUSTO,25.28888,1068,2017,1
WALI,25.28888,1070,2017,1
TWO,25.28888,1072,2017,1
MISSING_1637,27.8611,1048,2017,1
GENEVIEVE,27.8611,1068,2017,1
HERNAN,30.433320000000002,1067,2017,1
BERTHA,27.8611,1073,2017,1
ISELLE,25.28888,1070,2017,1
JULIO,27.8611,1068,2017,1
MISSING_1638,27.8611,1050,2017,1
KARINA,27.8611,1068,2017,1
LOWELL,25.28888,1068,2017,1
MARIE,30.433320000000002,1067,2017,1
CRISTOBAL,30.433320000000002,1065,2017,1
DOLLY,27.8611,1069,2017,1
NORBERT,33.00554,1064,2017,1
SIXTEEN,27.8611,1069,2017,1
ODILE,27.8611,1067,2017,1
EDOUARD,27.8611,1069,2017,1
POLO,33.00554,1067,2017,1
RACHEL,30.433320000000002,1066,2017,1
SIMON,27.8611,1068,2017,1
HUD_HUD_HUDHUD,27.8611,1064,2017,1
FAY,33.00554,1067,2017,1
ANA,25.28888,1069,2017,1
GONZALO,27.8611,1070,2017,1
TRUDY,27.8611,1067,2017,1
HANNA_INVEST,27.8611,1062,2017,1
NILOFAR,27.8611,1064,2017,1
VANCE,30.433320000000002,1067,2017,1
FIVE,27.8611,1060,2017,1
0220142015_TWO,25.28888,1066,2017,1
KATE,22.716659999999994,1067,2017,1
CHEDZA,25.28888,1062,2017,1
NIKO,30.433320000000002,1058,2017,1
DIAMONDRA,25.28888,1066,2017,1
EUNICE,25.28888,1067,2017,1
OLA,25.28888,1060,2017,1
FUNDI,25.28888,1063,2017,1
MARCIA,25.28888,1060,2017,1
GLENDA,26.832212,1064,2017,1
PAM,25.28888,1060,2017,1
OLWYN,22.716659999999994,1068,2017,1
REUBEN,25.28888,1062,2017,1
JOALANE,25.28888,1063,2017,1
IKOLA,27.8611,1065,2017,1
SOLO,30.433320000000002,1062,2017,1
QUANG,25.28888,1066,2017,1
ANA,27.8611,1076,2017,1
ANDRES,30.433320000000002,1065,2017,1
BLANCA,27.8611,1068,2017,1
ASHOBAA,27.8611,1064,2017,1
CARLOS,27.8611,1066,2017,1
BILL,38.14998,1065,2017,1
MISSING_1639,27.8611,1050,2017,1
MISSING_1640,27.8611,1050,2017,1
HALOLA,40.7222,1050,2017,1
ELA,30.433320000000002,1065,2017,1
MISSING_1641,27.8611,1056,2017,1
DOLORES,27.8611,1066,2017,1
CLAUDETTE,27.8611,1070,2017,1
ENRIQUE,30.433320000000002,1065,2017,1
FELICIA,30.433320000000002,1066,2017,1
KOMEN,25.28888,1054,2017,1
GUILLERMO,25.28888,1068,2017,1
EIGHT,30.433320000000002,1067,2017,1
MISSING_1642,27.8611,1054,2017,1
MISSING_1643,27.8611,1058,2017,1
HILDA,30.433320000000002,1066,2017,1
ELEVEN,30.433320000000002,1063,2017,1
KILO,56.15552,1010,2017,1
DANNY,27.8611,1071,2017,1
IGNACIO,27.8611,1069,2017,1
ERIKA,35.57776,1063,2017,1
JIMENA,27.8611,1068,2017,1
FRED,30.433320000000002,1067,2017,1
KEVIN,30.433320000000002,1066,2017,1
LINDA,27.8611,1067,2017,1
GRACE,27.8611,1070,2017,1
HENRI,25.28888,1074,2017,1
NINE,25.28888,1071,2017,1
IDA,27.8611,1070,2017,1
MISSING_1644,27.8611,1058,2017,1
MALIA,25.28888,1067,2017,1
SIXTEEN,30.433320000000002,1063,2017,1
NIALA,27.8611,1067,2017,1
MARTY,27.8611,1066,2017,1
JOAQUIN,25.28888,1071,2017,1
OHO,25.28888,1065,2017,1
THREE,27.8611,1064,2017,1
NORA,27.8611,1069,2017,1
OLAF,30.433320000000002,1066,2017,1
PATRICIA,27.8611,1067,2017,1
CHAPALA,27.8611,1065,2017,1
MEGH,27.8611,1066,2017,1
MISSING_1645,27.8611,1063,2017,1
KATE,30.433320000000002,1070,2017,1
RICK,27.8611,1067,2017,1
ANNABELLE,25.28888,1067,2017,1
SANDRA,27.8611,1066,2017,1
BOHALE,25.28888,1067,2017,1
MISSING_1646,22.716659999999994,1065,2017,1
NINE,22.716659999999994,1070,2017,1
PALI,27.8611,1066,2017,1
ALEX,35.57776,1070,2017,1
VICTOR,27.8611,1059,2017,1
CORENTIN,27.8611,1062,2017,1
STAN,25.28888,1065,2017,1
DAYA,25.28888,1066,2017,1
URIAH,25.28888,1065,2017,1
WINSTON,27.8611,1060,2017,1
YALO,27.8611,1060,2017,1
EMERAUDE,22.716659999999994,1069,2017,1
0720152016_SEVENTEEN,25.28888,1067,2017,1
FANTALA,27.8611,1068,2017,1
AMOS,30.433320000000002,1058,2017,1
ROANU,27.8611,1060,2017,1
BONNIE,30.433320000000002,1070,2017,1
ONE,27.8611,1067,2017,1
COLIN,30.433320000000002,1065,2017,1
DANIELLE,27.8611,1070,2017,1
TWO,27.8611,1056,2017,1
AGATHA,27.8611,1068,2017,1
BLAS,27.8611,1068,2017,1
CELIA,27.8611,1068,2017,1
DARBY,27.8611,1068,2017,1
ESTELLE,27.8611,1068,2017,1
GEORGETTE,27.8611,1068,2017,1
FRANK,30.433320000000002,1067,2017,1
HOWARD,30.433320000000002,1067,2017,1
EARL,35.57776,1064,2017,1
IVETTE,30.433320000000002,1067,2017,1
JAVIER,27.8611,1064,2017,1
MISSING_1647,27.8611,1056,2017,1
KAY,27.8611,1068,2017,1
FIONA,27.8611,1069,2017,1
MISSING_1648,25.28888,1056,2017,1
GASTON,25.28888,1069,2017,1
LESTER,27.8611,1067,2017,1
MADELINE,30.433320000000002,1067,2017,1
EIGHT,25.28888,1072,2017,1
HERMINE,30.433320000000002,1069,2017,1
NEWTON,30.433320000000002,1065,2017,1
ORLENE,27.8611,1069,2017,1
IAN,33.00554,1067,2017,1
KARL,25.28888,1070,2017,1
JULIA,30.433320000000002,1070,2017,1
PAINE,30.433320000000002,1066,2017,1
LISA,27.8611,1068,2017,1
ULIKA,27.8611,1069,2017,1
ROSLYN,30.433320000000002,1066,2017,1
MATTHEW,40.7222,1069,2017,1
NICOLE,33.00554,1067,2017,1
KYANT,27.8611,1063,2017,1
SEYMOUR,27.8611,1067,2017,1
MISSING_1649,27.8611,1064,2017,1
TINA,33.00554,1065,2017,1
OTTO,25.28888,1066,2017,1
NADA,27.8611,1064,2017,1
VARDAH,27.8611,1062,2017,1
MISSING_1650,22.716659999999994,1064,2017,1
YVETTE,30.433320000000002,1058,2017,1
MISSING_1651,25.28888,1067,2017,1
DEBBIE,22.716659999999994,1066,2017,1
ERNIE,22.716659999999994,1067,2017,1
FRANCES,22.716659999999994,1068,2017,1
Unamed,3.85,1016,2020,0
Unamed,3.01,1016,2020,0
Unamed,2.25,1015,2020,0
Unamed,1.88,1015,2020,0
Unamed,1.58,1015,2020,0
Unamed,1.59,1015,2020,0
Unamed,1.38,1016,2020,0
Unamed,1.91,1016,2020,0
Unamed,2.66,1016,2020,0
Unamed,3.42,1016,2020,0
Unamed,4.51,1017,2020,0
Unamed,5.35,1017,2020,0
Unamed,5.97,1016,2020,0
Unamed,6.15,1016,2020,0
Unamed,5.26,1015,2020,0
Unamed,4.91,1014,2020,0
Unamed,3.44,1014,2020,0
Unamed,1.61,1014,2020,0
Unamed,2.6,1014,2020,0
Unamed,1.66,1015,2020,0
Unamed,1.24,1016,2020,0
Unamed,2.37,1016,2020,0
Unamed,2.28,1016,2020,0
Unamed,2.67,1017,2020,0
Unamed,3.61,1016,2020,0
Unamed,4.17,1016,2020,0
Unamed,3.69,1015,2020,0
Unamed,3.69,1015,2020,0
Unamed,3.76,1014,2020,0
Unamed,3.71,1015,2020,0
Unamed,3.47,1015,2020,0
Unamed,3.9,1015,2020,0
Unamed,4.23,1016,2020,0
Unamed,4.74,1016,2020,0
Unamed,5.06,1016,2020,0
Unamed,5.37,1016,2020,0
Unamed,5.49,1015,2020,0
Unamed,4.93,1015,2020,0
Unamed,4.51,1014,2020,0
Unamed,3.83,1013,2020,0
Unamed,3.73,1013,2020,0
Unamed,3.36,1013,2020,0
Unamed,1.95,1013,2020,0
Unamed,2.2,1014,2020,0
Unamed,1.92,1015,2020,0
Unamed,3.08,1016,2020,0
Unamed,3.72,1016,2020,0
Unamed,3.69,1016,2020,0
Unamed,5.91,1015,2020,0
Unamed,5.49,1015,2020,0
Unamed,5.12,1015,2020,0
Unamed,4.73,1014,2020,0
Unamed,4.84,1014,2020,0
Unamed,5.05,1013,2020,0
Unamed,5.34,1013,2020,0
Unamed,5.91,1013,2020,0
Unamed,5.83,1013,2020,0
Unamed,5.9,1014,2020,0
Unamed,5.99,1015,2020,0
Unamed,5.98,1015,2020,0
Unamed,6.15,1015,2020,0
Unamed,5.77,1015,2020,0
Unamed,5.48,1015,2020,0
Unamed,5.19,1015,2020,0
Unamed,4.79,1015,2020,0
Unamed,5.17,1014,2020,0
Unamed,5.08,1013,2020,0
Unamed,5.15,1013,2020,0
Unamed,5.7,1013,2020,0
Unamed,5.61,1014,2020,0
Unamed,5.61,1015,2020,0
Unamed,5.49,1015,2020,0
Unamed,4.79,1016,2020,0
Unamed,4.13,1016,2020,0
Unamed,4.45,1015,2020,0
Unamed,4.44,1015,2020,0
Unamed,4.81,1014,2020,0
Unamed,4.78,1014,2020,0
Unamed,4.88,1013,2020,0
Unamed,5.58,1014,2020,0
Unamed,6.12,1014,2020,0
Unamed,5.85,1014,2020,0
Unamed,5.69,1015,2020,0
Unamed,5.83,1015,2020,0
Unamed,5.61,1015,2020,0
Unamed,5.25,1015,2020,0
Unamed,5.1,1015,2020,0
Unamed,4.93,1015,2020,0
Unamed,4.7,1014,2020,0
Unamed,4.1,1014,2020,0
Unamed,3.72,1013,2020,0
Unamed,4.7,1013,2020,0
Unamed,5.4,1013,2020,0
Unamed,4.71,1013,2020,0
Unamed,5.06,1014,2020,0
Unamed,4.6,1014,2020,0
Unamed,17.16,1010,2020,0
Unamed,17.07,1010,2020,0
Unamed,16.48,1009,2020,0
Unamed,16.08,1008,2020,0
Unamed,15.73,1009,2020,0
Unamed,15.28,1009,2020,0
Unamed,14.53,1009,2020,0
Unamed,12.85,1008,2020,0
Unamed,11.31,1008,2020,0
Unamed,11.6,1008,2020,0
Unamed,11.71,1008,2020,0
Unamed,12.02,1008,2020,0
Unamed,12.64,1008,2020,0
Unamed,12.7,1008,2020,0
Unamed,12.98,1009,2020,0
Unamed,13.1,1009,2020,0
Unamed,12.93,1010,2020,0
Unamed,12.08,1010,2020,0
Unamed,11.25,1012,2020,0
Unamed,11.7,1012,2020,0
Unamed,12.35,1012,2020,0
Unamed,13.24,1012,2020,0
Unamed,13.26,1012,2020,0
Unamed,13.5,1012,2020,0
Unamed,13.13,1012,2020,0
Unamed,12.86,1013,2020,0
Unamed,13.43,1013,2020,0
Unamed,13.82,1014,2020,0
Unamed,13.89,1015,2020,0
Unamed,13.2,1016,2020,0
Unamed,13.22,1017,2020,0
Unamed,13.45,1017,2020,0
Unamed,13.21,1018,2020,0
Unamed,12.9,1019,2020,0
Unamed,12.39,1019,2020,0
Unamed,11.75,1020,2020,0
Unamed,11.53,1021,2020,0
Unamed,11.11,1021,2020,0
Unamed,10.37,1022,2020,0
Unamed,9.62,1022,2020,0
Unamed,8.77,1023,2020,0
Unamed,8.22,1023,2020,0
Unamed,7.75,1024,2020,0
Unamed,6.94,1025,2020,0
Unamed,6.41,1025,2020,0
Unamed,5.93,1025,2020,0
Unamed,5.58,1026,2020,0
Unamed,5.5,1026,2020,0
Unamed,10.99,1023,2020,0
Unamed,10.96,1023,2020,0
Unamed,10.69,1025,2020,0
Unamed,10.19,1025,2020,0
Unamed,9.62,1026,2020,0
Unamed,8.97,1027,2020,0
Unamed,8.78,1028,2020,0
Unamed,8.47,1028,2020,0
Unamed,8.73,1029,2020,0
Unamed,9.0,1029,2020,0
Unamed,8.65,1029,2020,0
Unamed,8.05,1030,2020,0
Unamed,7.52,1030,2020,0
Unamed,7.32,1031,2020,0
Unamed,6.82,1031,2020,0
Unamed,6.33,1032,2020,0
Unamed,5.7,1032,2020,0
Unamed,5.52,1033,2020,0
Unamed,5.72,1033,2020,0
Unamed,5.34,1033,2020,0
Unamed,5.1,1033,2020,0
Unamed,5.03,1033,2020,0
Unamed,5.07,1033,2020,0
Unamed,4.88,1033,2020,0
Unamed,4.3,1033,2020,0
Unamed,3.68,1033,2020,0
Unamed,3.22,1033,2020,0
Unamed,3.05,1034,2020,0
Unamed,2.77,1035,2020,0
Unamed,3.07,1035,2020,0
Unamed,3.16,1034,2020,0
Unamed,3.05,1034,2020,0
Unamed,3.01,1034,2020,0
Unamed,3.24,1035,2020,0
Unamed,3.28,1035,2020,0
Unamed,2.98,1034,2020,0
Unamed,2.65,1034,2020,0
Unamed,2.36,1034,2020,0
Unamed,1.92,1034,2020,0
Unamed,2.04,1035,2020,0
Unamed,2.3,1035,2020,0
Unamed,2.75,1035,2020,0
Unamed,3.0,1035,2020,0
Unamed,3.25,1035,2020,0
Unamed,3.54,1035,2020,0
Unamed,3.95,1035,2020,0
Unamed,3.78,1034,2020,0
Unamed,3.59,1034,2020,0
Unamed,4.72,1018,2020,0
Unamed,4.64,1018,2020,0
Unamed,4.97,1018,2020,0
Unamed,5.27,1018,2020,0
Unamed,5.56,1019,2020,0
Unamed,5.25,1019,2020,0
Unamed,5.33,1020,2020,0
Unamed,5.32,1020,2020,0
Unamed,5.22,1020,2020,0
Unamed,5.24,1020,2020,0
Unamed,5.23,1019,2020,0
Unamed,4.84,1019,2020,0
Unamed,4.64,1018,2020,0
Unamed,4.58,1018,2020,0
Unamed,4.43,1018,2020,0
Unamed,4.52,1019,2020,0
Unamed,4.62,1019,2020,0
Unamed,4.51,1019,2020,0
Unamed,4.53,1020,2020,0
Unamed,4.41,1020,2020,0
Unamed,4.55,1020,2020,0
Unamed,4.37,1020,2020,0
Unamed,3.85,1019,2020,0
Unamed,3.8,1018,2020,0
Unamed,3.59,1018,2020,0
Unamed,3.48,1018,2020,0
Unamed,3.64,1018,2020,0
Unamed,3.9,1018,2020,0
Unamed,3.96,1018,2020,0
Unamed,3.88,1019,2020,0
Unamed,4.06,1019,2020,0
Unamed,3.94,1020,2020,0
Unamed,3.98,1020,2020,0
Unamed,3.68,1019,2020,0
Unamed,3.19,1019,2020,0
Unamed,3.29,1019,2020,0
Unamed,3.36,1018,2020,0
Unamed,3.32,1018,2020,0
Unamed,3.53,1018,2020,0
Unamed,3.39,1018,2020,0
Unamed,3.65,1019,2020,0
Unamed,3.71,1019,2020,0
Unamed,3.78,1020,2020,0
Unamed,3.94,1020,2020,0
Unamed,3.03,1020,2020,0
Unamed,3.51,1020,2020,0
Unamed,3.21,1019,2020,0
Unamed,3.79,1018,2020,0
Unamed,8.15,1015,2020,0
Unamed,7.77,1015,2020,0
Unamed,7.2,1013,2020,0
Unamed,7.4,1013,2020,0
Unamed,7.12,1012,2020,0
Unamed,7.07,1012,2020,0
Unamed,7.19,1013,2020,0
Unamed,7.96,1013,2020,0
Unamed,8.01,1014,2020,0
Unamed,9.01,1014,2020,0
Unamed,9.27,1014,2020,0
Unamed,9.23,1013,2020,0
Unamed,8.85,1013,2020,0
Unamed,8.63,1012,2020,0
Unamed,8.27,1012,2020,0
Unamed,7.61,1012,2020,0
Unamed,7.68,1012,2020,0
Unamed,7.42,1012,2020,0
Unamed,7.58,1013,2020,0
Unamed,7.66,1013,2020,0
Unamed,8.15,1013,2020,0
Unamed,8.42,1013,2020,0
Unamed,8.35,1013,2020,0
Unamed,7.68,1013,2020,0
Unamed,7.09,1012,2020,0
Unamed,7.31,1011,2020,0
Unamed,8.08,1011,2020,0
Unamed,8.94,1010,2020,0
Unamed,9.67,1010,2020,0
Unamed,9.8,1010,2020,0
Unamed,9.63,1011,2020,0
Unamed,9.55,1011,2020,0
Unamed,9.62,1011,2020,0
Unamed,9.4,1010,2020,0
Unamed,9.37,1010,2020,0
Unamed,8.27,1010,2020,0
Unamed,7.36,1009,2020,0
Unamed,7.17,1008,2020,0
Unamed,5.94,1008,2020,0
Unamed,5.29,1008,2020,0
Unamed,4.84,1008,2020,0
Unamed,4.18,1009,2020,0
Unamed,3.6,1009,2020,0
Unamed,2.69,1010,2020,0
Unamed,2.27,1010,2020,0
Unamed,2.71,1011,2020,0
Unamed,3.35,1011,2020,0
Unamed,2.66,1010,2020,0
Unamed,8.76,1014,2020,0
Unamed,9.09,1013,2020,0
Unamed,8.96,1012,2020,0
Unamed,8.87,1011,2020,0
Unamed,9.11,1012,2020,0
Unamed,9.28,1012,2020,0
Unamed,9.6,1012,2020,0
Unamed,9.27,1013,2020,0
Unamed,9.1,1013,2020,0
Unamed,8.63,1013,2020,0
Unamed,8.68,1013,2020,0
Unamed,9.07,1012,2020,0
Unamed,8.77,1012,2020,0
Unamed,8.52,1011,2020,0
Unamed,9.03,1011,2020,0
Unamed,9.13,1011,2020,0
Unamed,8.69,1011,2020,0
Unamed,8.54,1012,2020,0
Unamed,8.75,1012,2020,0
Unamed,8.6,1012,2020,0
Unamed,8.54,1013,2020,0
Unamed,8.67,1013,2020,0
Unamed,8.86,1013,2020,0
Unamed,9.04,1012,2020,0
Unamed,9.07,1011,2020,0
Unamed,9.15,1010,2020,0
Unamed,8.68,1010,2020,0
Unamed,8.3,1010,2020,0
Unamed,8.19,1010,2020,0
Unamed,8.63,1011,2020,0
Unamed,8.8,1011,2020,0
Unamed,8.84,1011,2020,0
Unamed,8.67,1012,2020,0
Unamed,8.96,1012,2020,0
Unamed,9.61,1012,2020,0
Unamed,9.44,1011,2020,0
Unamed,8.35,1010,2020,0
Unamed,8.1,1010,2020,0
Unamed,8.46,1010,2020,0
Unamed,9.05,1010,2020,0
Unamed,8.92,1010,2020,0
Unamed,8.95,1011,2020,0
Unamed,8.99,1012,2020,0
Unamed,9.34,1012,2020,0
Unamed,9.02,1013,2020,0
Unamed,9.18,1013,2020,0
Unamed,9.09,1013,2020,0
Unamed,8.82,1012,2020,0
Unamed,5.67,1009,2020,0
Unamed,5.61,1009,2020,0
Unamed,5.63,1008,2020,0
Unamed,6.55,1008,2020,0
Unamed,7.27,1009,2020,0
Unamed,7.52,1009,2020,0
Unamed,7.47,1010,2020,0
Unamed,8.04,1011,2020,0
Unamed,7.72,1011,2020,0
Unamed,7.77,1011,2020,0
Unamed,7.77,1011,2020,0
Unamed,7.91,1011,2020,0
Unamed,8.15,1010,2020,0
Unamed,7.54,1009,2020,0
Unamed,7.26,1009,2020,0
Unamed,8.16,1009,2020,0
Unamed,8.02,1010,2020,0
Unamed,7.87,1010,2020,0
Unamed,8.02,1011,2020,0
Unamed,7.48,1011,2020,0
Unamed,7.17,1012,2020,0
Unamed,7.24,1012,2020,0
Unamed,7.22,1011,2020,0
Unamed,6.98,1010,2020,0
Unamed,6.77,1009,2020,0
Unamed,6.58,1008,2020,0
Unamed,6.57,1008,2020,0
Unamed,6.68,1008,2020,0
Unamed,6.85,1008,2020,0
Unamed,7.15,1009,2020,0
Unamed,6.75,1009,2020,0
Unamed,6.5,1009,2020,0
Unamed,6.47,1010,2020,0
Unamed,6.48,1010,2020,0
Unamed,6.06,1010,2020,0
Unamed,6.01,1009,2020,0
Unamed,5.8,1009,2020,0
Unamed,4.89,1008,2020,0
Unamed,4.72,1008,2020,0
Unamed,4.72,1008,2020,0
Unamed,4.56,1009,2020,0
Unamed,4.99,1010,2020,0
Unamed,5.38,1011,2020,0
Unamed,5.84,1011,2020,0
Unamed,5.85,1011,2020,0
Unamed,6.46,1011,2020,0
Unamed,6.55,1011,2020,0
Unamed,7.58,1010,2020,0
Unamed,1.72,1015,2020,0
Unamed,2.6,1015,2020,0
Unamed,3.94,1015,2020,0
Unamed,4.92,1015,2020,0
Unamed,5.67,1015,2020,0
Unamed,7.87,1015,2020,0
Unamed,10.3,1015,2020,0
Unamed,10.17,1016,2020,0
Unamed,9.35,1016,2020,0
Unamed,10.07,1016,2020,0
Unamed,12.15,1016,2020,0
Unamed,13.14,1016,2020,0
Unamed,13.25,1017,2020,0
Unamed,12.99,1017,2020,0
Unamed,12.72,1018,2020,0
Unamed,12.63,1018,2020,0
Unamed,13.2,1019,2020,0
Unamed,13.74,1019,2020,0
Unamed,14.07,1019,2020,0
Unamed,14.27,1020,2020,0
Unamed,13.42,1020,2020,0
Unamed,13.04,1021,2020,0
Unamed,12.14,1021,2020,0
Unamed,12.02,1020,2020,0
Unamed,11.67,1020,2020,0
Unamed,11.05,1020,2020,0
Unamed,11.02,1020,2020,0
Unamed,10.74,1020,2020,0
Unamed,10.21,1020,2020,0
Unamed,9.31,1021,2020,0
Unamed,8.93,1021,2020,0
Unamed,8.61,1021,2020,0
Unamed,8.11,1021,2020,0
Unamed,7.51,1020,2020,0
Unamed,7.51,1020,2020,0
Unamed,7.36,1020,2020,0
Unamed,7.66,1020,2020,0
Unamed,7.54,1020,2020,0
Unamed,7.4,1020,2020,0
Unamed,7.13,1021,2020,0
Unamed,6.86,1021,2020,0
Unamed,6.74,1022,2020,0
Unamed,6.49,1022,2020,0
Unamed,6.21,1022,2020,0
Unamed,5.76,1022,2020,0
Unamed,5.16,1022,2020,0
Unamed,4.32,1022,2020,0
Unamed,3.91,1022,2020,0
Unamed,8.33,1019,2020,0
Unamed,8.64,1019,2020,0
Unamed,9.38,1018,2020,0
Unamed,9.42,1017,2020,0
Unamed,9.29,1017,2020,0
Unamed,9.02,1017,2020,0
Unamed,8.53,1018,2020,0
Unamed,8.84,1018,2020,0
Unamed,8.82,1018,2020,0
Unamed,9.26,1018,2020,0
Unamed,9.38,1018,2020,0
Unamed,9.38,1018,2020,0
Unamed,9.34,1018,2020,0
Unamed,9.13,1017,2020,0
Unamed,8.8,1017,2020,0
Unamed,8.85,1017,2020,0
Unamed,8.85,1017,2020,0
Unamed,8.88,1017,2020,0
Unamed,8.83,1017,2020,0
Unamed,9.5,1018,2020,0
Unamed,9.44,1019,2020,0
Unamed,9.41,1019,2020,0
Unamed,9.03,1019,2020,0
Unamed,9.06,1019,2020,0
Unamed,8.3,1018,2020,0
Unamed,8.4,1017,2020,0
Unamed,8.44,1016,2020,0
Unamed,8.13,1016,2020,0
Unamed,8.29,1015,2020,0
Unamed,8.63,1015,2020,0
Unamed,8.08,1015,2020,0
Unamed,7.94,1015,2020,0
Unamed,7.36,1016,2020,0
Unamed,7.23,1016,2020,0
Unamed,7.96,1016,2020,0
Unamed,8.11,1015,2020,0
Unamed,8.07,1015,2020,0
Unamed,8.02,1014,2020,0
Unamed,7.78,1014,2020,0
Unamed,7.97,1014,2020,0
Unamed,7.99,1013,2020,0
Unamed,8.49,1014,2020,0
Unamed,8.37,1014,2020,0
Unamed,8.12,1014,2020,0
Unamed,7.45,1014,2020,0
Unamed,6.96,1014,2020,0
Unamed,6.55,1014,2020,0
Unamed,6.37,1014,2020,0
Unamed,4.9,1012,2020,0
Unamed,4.82,1012,2020,0
Unamed,5.5,1010,2020,0
Unamed,5.85,1010,2020,0
Unamed,6.39,1009,2020,0
Unamed,6.54,1010,2020,0
Unamed,7.42,1010,2020,0
Unamed,7.65,1011,2020,0
Unamed,7.69,1011,2020,0
Unamed,7.93,1012,2020,0
Unamed,8.23,1012,2020,0
Unamed,8.32,1011,2020,0
Unamed,8.39,1011,2020,0
Unamed,8.21,1011,2020,0
Unamed,7.59,1011,2020,0
Unamed,7.05,1011,2020,0
Unamed,6.38,1011,2020,0
Unamed,6.1,1011,2020,0
Unamed,6.5,1012,2020,0
Unamed,6.38,1012,2020,0
Unamed,6.07,1013,2020,0
Unamed,5.6,1013,2020,0
Unamed,4.93,1013,2020,0
Unamed,5.04,1012,2020,0
Unamed,5.73,1012,2020,0
Unamed,5.83,1011,2020,0
Unamed,5.75,1010,2020,0
Unamed,6.09,1009,2020,0
Unamed,6.69,1009,2020,0
Unamed,7.11,1010,2020,0
Unamed,7.13,1010,2020,0
Unamed,7.29,1010,2020,0
Unamed,7.41,1011,2020,0
Unamed,7.66,1011,2020,0
Unamed,7.59,1011,2020,0
Unamed,7.42,1010,2020,0
Unamed,7.17,1009,2020,0
Unamed,7.07,1009,2020,0
Unamed,6.54,1009,2020,0
Unamed,6.55,1009,2020,0
Unamed,7.04,1009,2020,0
Unamed,7.6,1010,2020,0
Unamed,7.61,1011,2020,0
Unamed,7.14,1011,2020,0
Unamed,6.4,1012,2020,0
Unamed,6.08,1012,2020,0
Unamed,6.19,1011,2020,0
Unamed,6.2,1011,2020,0
Unamed,6.15,1016,2020,0
Unamed,5.89,1016,2020,0
Unamed,5.34,1015,2020,0
Unamed,4.21,1015,2020,0
Unamed,3.39,1015,2020,0
Unamed,1.72,1016,2020,0
Unamed,2.19,1016,2020,0
Unamed,3.01,1017,2020,0
Unamed,3.29,1017,2020,0
Unamed,6.31,1017,2020,0
Unamed,8.23,1016,2020,0
Unamed,7.07,1016,2020,0
Unamed,6.59,1015,2020,0
Unamed,5.75,1015,2020,0
Unamed,5.72,1015,2020,0
Unamed,5.03,1015,2020,0
Unamed,5.14,1015,2020,0
Unamed,3.6,1015,2020,0
Unamed,3.58,1016,2020,0
Unamed,4.08,1016,2020,0
Unamed,5.45,1017,2020,0
Unamed,5.58,1017,2020,0
Unamed,8.54,1016,2020,0
Unamed,6.9,1016,2020,0
Unamed,8.84,1015,2020,0
Unamed,12.1,1015,2020,0
Unamed,12.95,1014,2020,0
Unamed,12.41,1014,2020,0
Unamed,12.76,1014,2020,0
Unamed,13.85,1014,2020,0
Unamed,15.67,1014,2020,0
Unamed,15.91,1014,2020,0
Unamed,14.85,1014,2020,0
Unamed,13.49,1014,2020,0
Unamed,12.91,1013,2020,0
Unamed,12.5,1012,2020,0
Unamed,11.85,1012,2020,0
Unamed,12.0,1011,2020,0
Unamed,11.92,1011,2020,0
Unamed,11.96,1012,2020,0
Unamed,12.23,1012,2020,0
Unamed,12.13,1012,2020,0
Unamed,12.13,1012,2020,0
Unamed,12.1,1013,2020,0
Unamed,11.65,1013,2020,0
Unamed,11.46,1013,2020,0
Unamed,11.1,1012,2020,0
Unamed,10.22,1012,2020,0
Unamed,7.24,1016,2020,0
Unamed,7.31,1016,2020,0
Unamed,7.49,1016,2020,0
Unamed,7.43,1016,2020,0
Unamed,8.03,1017,2020,0
Unamed,8.57,1017,2020,0
Unamed,9.11,1017,2020,0
Unamed,8.62,1018,2020,0
Unamed,8.03,1018,2020,0
Unamed,7.52,1018,2020,0
Unamed,7.75,1017,2020,0
Unamed,7.78,1016,2020,0
Unamed,7.53,1016,2020,0
Unamed,7.24,1015,2020,0
Unamed,6.71,1016,2020,0
Unamed,6.37,1016,2020,0
Unamed,6.16,1016,2020,0
Unamed,6.12,1017,2020,0
Unamed,6.08,1017,2020,0
Unamed,6.23,1017,2020,0
Unamed,6.51,1017,2020,0
Unamed,6.97,1017,2020,0
Unamed,6.95,1016,2020,0
Unamed,7.09,1016,2020,0
Unamed,6.93,1015,2020,0
Unamed,7.1,1015,2020,0
Unamed,7.45,1015,2020,0
Unamed,7.52,1015,2020,0
Unamed,7.37,1016,2020,0
Unamed,7.69,1016,2020,0
Unamed,7.64,1016,2020,0
Unamed,7.6,1016,2020,0
Unamed,7.84,1016,2020,0
Unamed,7.76,1015,2020,0
Unamed,7.89,1015,2020,0
Unamed,8.01,1014,2020,0
Unamed,7.67,1013,2020,0
Unamed,7.46,1013,2020,0
Unamed,7.3,1014,2020,0
Unamed,7.21,1015,2020,0
Unamed,6.86,1015,2020,0
Unamed,6.69,1016,2020,0
Unamed,6.91,1016,2020,0
Unamed,6.94,1016,2020,0
Unamed,6.63,1017,2020,0
Unamed,6.41,1017,2020,0
Unamed,5.93,1016,2020,0
Unamed,5.61,1016,2020,0
Unamed,8.01,1013,2020,0
Unamed,8.0,1013,2020,0
Unamed,7.71,1013,2020,0
Unamed,7.89,1014,2020,0
Unamed,8.05,1014,2020,0
Unamed,8.02,1015,2020,0
Unamed,8.24,1015,2020,0
Unamed,7.81,1015,2020,0
Unamed,7.76,1015,2020,0
Unamed,8.07,1015,2020,0
Unamed,7.98,1014,2020,0
Unamed,7.68,1014,2020,0
Unamed,7.94,1014,2020,0
Unamed,8.12,1014,2020,0
Unamed,7.76,1014,2020,0
Unamed,7.54,1015,2020,0
Unamed,7.43,1015,2020,0
Unamed,7.53,1015,2020,0
Unamed,7.47,1015,2020,0
Unamed,7.1,1015,2020,0
Unamed,6.74,1015,2020,0
Unamed,6.2,1014,2020,0
Unamed,6.13,1013,2020,0
Unamed,7.34,1013,2020,0
Unamed,7.49,1012,2020,0
Unamed,6.95,1012,2020,0
Unamed,6.99,1012,2020,0
Unamed,7.12,1013,2020,0
Unamed,7.37,1014,2020,0
Unamed,8.09,1014,2020,0
Unamed,8.1,1014,2020,0
Unamed,8.42,1014,2020,0
Unamed,8.28,1014,2020,0
Unamed,8.41,1014,2020,0
Unamed,7.91,1013,2020,0
Unamed,8.47,1013,2020,0
Unamed,9.07,1012,2020,0
Unamed,8.91,1013,2020,0
Unamed,8.2,1013,2020,0
Unamed,8.52,1014,2020,0
Unamed,8.8,1014,2020,0
Unamed,8.77,1015,2020,0
Unamed,8.3,1015,2020,0
Unamed,8.03,1015,2020,0
Unamed,8.16,1014,2020,0
Unamed,7.71,1014,2020,0
Unamed,7.2,1013,2020,0
Unamed,7.01,1012,2020,0
Unamed,5.22,1009,2020,0
Unamed,5.08,1009,2020,0
Unamed,5.24,1008,2020,0
Unamed,5.41,1008,2020,0
Unamed,5.35,1009,2020,0
Unamed,5.19,1010,2020,0
Unamed,4.42,1010,2020,0
Unamed,3.97,1011,2020,0
Unamed,4.21,1011,2020,0
Unamed,4.61,1011,2020,0
Unamed,5.01,1011,2020,0
Unamed,5.27,1010,2020,0
Unamed,5.74,1009,2020,0
Unamed,6.07,1009,2020,0
Unamed,5.79,1009,2020,0
Unamed,5.51,1009,2020,0
Unamed,5.13,1010,2020,0
Unamed,5.33,1010,2020,0
Unamed,5.57,1011,2020,0
Unamed,5.94,1012,2020,0
Unamed,5.99,1012,2020,0
Unamed,5.93,1012,2020,0
Unamed,5.67,1011,2020,0
Unamed,5.52,1010,2020,0
Unamed,5.38,1009,2020,0
Unamed,5.63,1008,2020,0
Unamed,6.05,1008,2020,0
Unamed,6.31,1008,2020,0
Unamed,6.46,1009,2020,0
Unamed,6.29,1009,2020,0
Unamed,6.53,1010,2020,0
Unamed,6.65,1010,2020,0
Unamed,6.62,1010,2020,0
Unamed,6.61,1010,2020,0
Unamed,7.05,1009,2020,0
Unamed,7.06,1008,2020,0
Unamed,6.98,1008,2020,0
Unamed,7.0,1008,2020,0
Unamed,6.69,1008,2020,0
Unamed,6.46,1008,2020,0
Unamed,6.48,1009,2020,0
Unamed,6.8,1010,2020,0
Unamed,6.93,1010,2020,0
Unamed,6.86,1011,2020,0
Unamed,6.2,1011,2020,0
Unamed,6.24,1010,2020,0
Unamed,6.39,1010,2020,0
Unamed,6.5,1009,2020,0
Unamed,6.99,1010,2020,0
Unamed,7.76,1010,2020,0
Unamed,7.79,1009,2020,0
Unamed,7.48,1009,2020,0
Unamed,7.3,1010,2020,0
Unamed,6.95,1011,2020,0
Unamed,6.61,1012,2020,0
Unamed,5.81,1013,2020,0
Unamed,5.83,1013,2020,0
Unamed,6.73,1013,2020,0
Unamed,7.57,1013,2020,0
Unamed,7.61,1012,2020,0
Unamed,7.99,1011,2020,0
Unamed,8.26,1011,2020,0
Unamed,8.29,1011,2020,0
Unamed,7.9,1011,2020,0
Unamed,7.67,1012,2020,0
Unamed,7.53,1012,2020,0
Unamed,7.04,1013,2020,0
Unamed,6.58,1013,2020,0
Unamed,6.39,1013,2020,0
Unamed,6.2,1013,2020,0
Unamed,6.01,1012,2020,0
Unamed,5.72,1011,2020,0
Unamed,5.73,1010,2020,0
Unamed,6.06,1009,2020,0
Unamed,6.09,1009,2020,0
Unamed,6.2,1010,2020,0
Unamed,6.02,1010,2020,0
Unamed,5.91,1011,2020,0
Unamed,5.85,1012,2020,0
Unamed,5.67,1012,2020,0
Unamed,5.46,1013,2020,0
Unamed,5.26,1012,2020,0
Unamed,5.12,1012,2020,0
Unamed,5.38,1011,2020,0
Unamed,5.9,1010,2020,0
Unamed,6.08,1010,2020,0
Unamed,6.53,1010,2020,0
Unamed,6.97,1010,2020,0
Unamed,7.09,1011,2020,0
Unamed,7.14,1012,2020,0
Unamed,6.87,1013,2020,0
Unamed,6.49,1013,2020,0
Unamed,6.54,1013,2020,0
Unamed,6.82,1012,2020,0
Unamed,6.77,1012,2020,0
Unamed,6.51,1011,2020,0
Unamed,8.59,1014,2020,0
Unamed,8.52,1014,2020,0
Unamed,8.54,1013,2020,0
Unamed,8.5,1013,2020,0
Unamed,8.78,1013,2020,0
Unamed,8.63,1014,2020,0
Unamed,8.86,1015,2020,0
Unamed,9.31,1015,2020,0
Unamed,9.27,1015,2020,0
Unamed,9.26,1015,2020,0
Unamed,9.28,1015,2020,0
Unamed,9.11,1014,2020,0
Unamed,8.85,1013,2020,0
Unamed,8.87,1013,2020,0
Unamed,8.83,1013,2020,0
Unamed,8.72,1013,2020,0
Unamed,8.1,1014,2020,0
Unamed,7.91,1015,2020,0
Unamed,7.9,1015,2020,0
Unamed,7.31,1016,2020,0
Unamed,6.95,1015,2020,0
Unamed,6.34,1015,2020,0
Unamed,5.98,1014,2020,0
Unamed,5.65,1013,2020,0
Unamed,5.5,1012,2020,0
Unamed,5.25,1012,2020,0
Unamed,5.33,1012,2020,0
Unamed,5.26,1012,2020,0
Unamed,5.57,1013,2020,0
Unamed,5.95,1013,2020,0
Unamed,6.2,1014,2020,0
Unamed,6.56,1015,2020,0
Unamed,6.63,1015,2020,0
Unamed,6.7,1014,2020,0
Unamed,6.45,1014,2020,0
Unamed,6.23,1013,2020,0
Unamed,6.24,1013,2020,0
Unamed,6.04,1013,2020,0
Unamed,5.95,1013,2020,0
Unamed,5.85,1013,2020,0
Unamed,5.97,1013,2020,0
Unamed,5.82,1014,2020,0
Unamed,5.59,1015,2020,0
Unamed,5.71,1015,2020,0
Unamed,5.78,1015,2020,0
Unamed,5.51,1014,2020,0
Unamed,5.07,1013,2020,0
Unamed,4.6,1012,2020,0
Unamed,3.53,1011,2020,0
Unamed,4.01,1011,2020,0
Unamed,4.54,1012,2020,0
Unamed,5.38,1013,2020,0
Unamed,5.47,1013,2020,0
Unamed,5.56,1014,2020,0
Unamed,5.96,1013,2020,0
Unamed,5.99,1013,2020,0
Unamed,5.34,1012,2020,0
Unamed,6.21,1011,2020,0
Unamed,7.69,1011,2020,0
Unamed,7.56,1011,2020,0
Unamed,5.58,1011,2020,0
Unamed,5.22,1012,2020,0
Unamed,4.77,1013,2020,0
Unamed,4.51,1013,2020,0
Unamed,4.69,1013,2020,0
Unamed,5.25,1014,2020,0
Unamed,4.91,1014,2020,0
Unamed,4.8,1013,2020,0
Unamed,4.84,1012,2020,0
Unamed,5.5,1011,2020,0
Unamed,5.91,1011,2020,0
Unamed,5.85,1011,2020,0
Unamed,5.53,1011,2020,0
Unamed,5.04,1012,2020,0
Unamed,4.74,1012,2020,0
Unamed,4.72,1013,2020,0
Unamed,4.74,1014,2020,0
Unamed,4.82,1014,2020,0
Unamed,4.95,1014,2020,0
Unamed,4.94,1013,2020,0
Unamed,4.85,1012,2020,0
Unamed,4.77,1011,2020,0
Unamed,5.24,1011,2020,0
Unamed,5.35,1011,2020,0
Unamed,5.75,1011,2020,0
Unamed,5.54,1012,2020,0
Unamed,5.22,1013,2020,0
Unamed,4.83,1013,2020,0
Unamed,4.56,1014,2020,0
Unamed,4.88,1014,2020,0
Unamed,6.35,1014,2020,0
Unamed,9.5,1014,2020,0
Unamed,10.17,1013,2020,0
Unamed,7.01,1012,2020,0
Unamed,4.84,1012,2020,0
Unamed,4.62,1012,2020,0
